seq_id,count
95dae922-21bc-11ea-a13a-137349068a90,9
2fff6c8a-7d42-11eb-8fb5-0242ac1c0002,9
300cc650-7d42-11eb-8fb5-0242ac1c0002,9
30125958-7d42-11eb-8fb5-0242ac1c0002,9
301d2d24-7d42-11eb-8fb5-0242ac1c0002,9
986b8f66-21bc-11ea-a13a-137349068a90,9
3029e4a6-7d42-11eb-8fb5-0242ac1c0002,9
30219936-7d42-11eb-8fb5-0242ac1c0002,9
30219cec-7d42-11eb-8fb5-0242ac1c0002,9
3021a08e-7d42-11eb-8fb5-0242ac1c0002,9
94f7be22-21bc-11ea-a13a-137349068a90,9
9870df02-21bc-11ea-a13a-137349068a90,9
5c90b468-7ed0-11eb-b7d6-0242ac1c0002,9
302727f2-7d42-11eb-8fb5-0242ac1c0002,9
3021ce24-7d42-11eb-8fb5-0242ac1c0002,9
99362cda-21bc-11ea-a13a-137349068a90,9
2ffeb470-7d42-11eb-8fb5-0242ac1c0002,9
3021e166-7d42-11eb-8fb5-0242ac1c0002,9
302f14d0-7d42-11eb-8fb5-0242ac1c0002,9
302cc9c8-7d42-11eb-8fb5-0242ac1c0002,9
975d70e4-21bc-11ea-a13a-137349068a90,9
301d2a68-7d42-11eb-8fb5-0242ac1c0002,9
30023460-7d42-11eb-8fb5-0242ac1c0002,9
96d02f86-21bc-11ea-a13a-137349068a90,9
302d367e-7d42-11eb-8fb5-0242ac1c0002,9
30219fb2-7d42-11eb-8fb5-0242ac1c0002,10
3027b456-7d42-11eb-8fb5-0242ac1c0002,9
300235f0-7d42-11eb-8fb5-0242ac1c0002,9
95180790-21bc-11ea-a13a-137349068a90,9
3021e22e-7d42-11eb-8fb5-0242ac1c0002,9
3025b930-7d42-11eb-8fb5-0242ac1c0002,9
972a853a-21bc-11ea-a13a-137349068a90,9
3024b260-7d42-11eb-8fb5-0242ac1c0002,9
3021a174-7d42-11eb-8fb5-0242ac1c0002,10
3022f484-7d42-11eb-8fb5-0242ac1c0002,9
302cafa6-7d42-11eb-8fb5-0242ac1c0002,9
3027da44-7d42-11eb-8fb5-0242ac1c0002,9
302d1950-7d42-11eb-8fb5-0242ac1c0002,9
3021fcdc-7d42-11eb-8fb5-0242ac1c0002,9
302afe04-7d42-11eb-8fb5-0242ac1c0002,9
300ae1fa-7d42-11eb-8fb5-0242ac1c0002,9
300053de-7d42-11eb-8fb5-0242ac1c0002,9
3026d126-7d42-11eb-8fb5-0242ac1c0002,9
3027b136-7d42-11eb-8fb5-0242ac1c0002,9
302d5474-7d42-11eb-8fb5-0242ac1c0002,9
302760d2-7d42-11eb-8fb5-0242ac1c0002,9
30219bfc-7d42-11eb-8fb5-0242ac1c0002,9
30200d6e-7d42-11eb-8fb5-0242ac1c0002,9
30007c56-7d42-11eb-8fb5-0242ac1c0002,9
3021a250-7d42-11eb-8fb5-0242ac1c0002,9
302eaa4a-7d42-11eb-8fb5-0242ac1c0002,9
30270e34-7d42-11eb-8fb5-0242ac1c0002,9
3027574a-7d42-11eb-8fb5-0242ac1c0002,9
3001f2fc-7d42-11eb-8fb5-0242ac1c0002,9
2fff6a32-7d42-11eb-8fb5-0242ac1c0002,9
30023762-7d42-11eb-8fb5-0242ac1c0002,9
30291d82-7d42-11eb-8fb5-0242ac1c0002,9
3022da1c-7d42-11eb-8fb5-0242ac1c0002,9
2ffdb4f8-7d42-11eb-8fb5-0242ac1c0002,9
3001f4d2-7d42-11eb-8fb5-0242ac1c0002,9
302e9fd2-7d42-11eb-8fb5-0242ac1c0002,9
302ec4b2-7d42-11eb-8fb5-0242ac1c0002,9
301e3188-7d42-11eb-8fb5-0242ac1c0002,9
3004853a-7d42-11eb-8fb5-0242ac1c0002,9
5c9d8c06-7ed0-11eb-b7d6-0242ac1c0002,9
98014750-21bc-11ea-a13a-137349068a90,9
302eaac2-7d42-11eb-8fb5-0242ac1c0002,9
302dbe28-7d42-11eb-8fb5-0242ac1c0002,9
30245cac-7d42-11eb-8fb5-0242ac1c0002,9
302dbf22-7d42-11eb-8fb5-0242ac1c0002,9
301d2928-7d42-11eb-8fb5-0242ac1c0002,9
2ffedefa-7d42-11eb-8fb5-0242ac1c0002,9
3021a89a-7d42-11eb-8fb5-0242ac1c0002,9
302b2dd4-7d42-11eb-8fb5-0242ac1c0002,10
30023852-7d42-11eb-8fb5-0242ac1c0002,10
3021ff70-7d42-11eb-8fb5-0242ac1c0002,9
994724ea-21bc-11ea-a13a-137349068a90,9
3028aaa0-7d42-11eb-8fb5-0242ac1c0002,9
9959a7b4-21bc-11ea-a13a-137349068a90,9
302a5508-7d42-11eb-8fb5-0242ac1c0002,9
30219ed6-7d42-11eb-8fb5-0242ac1c0002,9
302f61f6-7d42-11eb-8fb5-0242ac1c0002,9
3021a7c8-7d42-11eb-8fb5-0242ac1c0002,9
30220038-7d42-11eb-8fb5-0242ac1c0002,9
5a24096e-7ed0-11eb-b7d6-0242ac1c0002,9
99389998-21bc-11ea-a13a-137349068a90,9
301e0758-7d42-11eb-8fb5-0242ac1c0002,9
302a0b20-7d42-11eb-8fb5-0242ac1c0002,9
302bd7ca-7d42-11eb-8fb5-0242ac1c0002,9
302e8e66-7d42-11eb-8fb5-0242ac1c0002,9
302f41d0-7d42-11eb-8fb5-0242ac1c0002,9
302bb2d6-7d42-11eb-8fb5-0242ac1c0002,9
30226e2e-7d42-11eb-8fb5-0242ac1c0002,9
3021a61a-7d42-11eb-8fb5-0242ac1c0002,9
2ffdee96-7d42-11eb-8fb5-0242ac1c0002,9
302c4d36-7d42-11eb-8fb5-0242ac1c0002,9
302e0298-7d42-11eb-8fb5-0242ac1c0002,9
3023abae-7d42-11eb-8fb5-0242ac1c0002,9
302d5988-7d42-11eb-8fb5-0242ac1c0002,9
300236ea-7d42-11eb-8fb5-0242ac1c0002,10
3029e5aa-7d42-11eb-8fb5-0242ac1c0002,9
9451e2cc-21bc-11ea-a13a-137349068a90,9
30242d18-7d42-11eb-8fb5-0242ac1c0002,9
3012584a-7d42-11eb-8fb5-0242ac1c0002,9
90ce028e-21bc-11ea-a13a-137349068a90,9
30152c32-7d42-11eb-8fb5-0242ac1c0002,9
98330b50-21bc-11ea-a13a-137349068a90,9
302b3f04-7d42-11eb-8fb5-0242ac1c0002,9
302caf1a-7d42-11eb-8fb5-0242ac1c0002,9
30219de6-7d42-11eb-8fb5-0242ac1c0002,9
3028599c-7d42-11eb-8fb5-0242ac1c0002,9
2fffb118-7d42-11eb-8fb5-0242ac1c0002,9
302107f0-7d42-11eb-8fb5-0242ac1c0002,9
3024dfe2-7d42-11eb-8fb5-0242ac1c0002,9
97c00c7c-21bc-11ea-a13a-137349068a90,9
302cc5e0-7d42-11eb-8fb5-0242ac1c0002,9
3021fe26-7d42-11eb-8fb5-0242ac1c0002,9
302e71c4-7d42-11eb-8fb5-0242ac1c0002,9
302fb5ac-7d42-11eb-8fb5-0242ac1c0002,9
30018718-7d42-11eb-8fb5-0242ac1c0002,9
3021a6f6-7d42-11eb-8fb5-0242ac1c0002,9
3027b08c-7d42-11eb-8fb5-0242ac1c0002,9
2ffdadfa-7d42-11eb-8fb5-0242ac1c0002,9
302702ea-7d42-11eb-8fb5-0242ac1c0002,9
3026802c-7d42-11eb-8fb5-0242ac1c0002,9
30153dc6-7d42-11eb-8fb5-0242ac1c0002,9
302f64f8-7d42-11eb-8fb5-0242ac1c0002,9
3029180a-7d42-11eb-8fb5-0242ac1c0002,9
9396f962-21bc-11ea-a13a-137349068a90,9
3000d4ee-7d42-11eb-8fb5-0242ac1c0002,9
2ffe3eaa-7d42-11eb-8fb5-0242ac1c0002,9
302d9f6a-7d42-11eb-8fb5-0242ac1c0002,9
3027ccfc-7d42-11eb-8fb5-0242ac1c0002,9
3004871a-7d42-11eb-8fb5-0242ac1c0002,9
302dbea0-7d42-11eb-8fb5-0242ac1c0002,9
301e0852-7d42-11eb-8fb5-0242ac1c0002,9
3027b1ae-7d42-11eb-8fb5-0242ac1c0002,9
90f0f56e-21bc-11ea-a13a-137349068a90,9
302c5a7e-7d42-11eb-8fb5-0242ac1c0002,9
928af44c-21bc-11ea-a13a-137349068a90,9
2ffd64ee-7d42-11eb-8fb5-0242ac1c0002,9
3020e806-7d42-11eb-8fb5-0242ac1c0002,9
3021a32c-7d42-11eb-8fb5-0242ac1c0002,9
301d29c8-7d42-11eb-8fb5-0242ac1c0002,9
98eddaca-21bc-11ea-a13a-137349068a90,9
3024ccaa-7d42-11eb-8fb5-0242ac1c0002,9
986c0590-21bc-11ea-a13a-137349068a90,9
98d6ad50-21bc-11ea-a13a-137349068a90,9
301d2bda-7d42-11eb-8fb5-0242ac1c0002,9
300ae272-7d42-11eb-8fb5-0242ac1c0002,9
3027cc70-7d42-11eb-8fb5-0242ac1c0002,9
3027b226-7d42-11eb-8fb5-0242ac1c0002,9
30223e68-7d42-11eb-8fb5-0242ac1c0002,9
3027286a-7d42-11eb-8fb5-0242ac1c0002,9
301e07d0-7d42-11eb-8fb5-0242ac1c0002,9
300484b8-7d42-11eb-8fb5-0242ac1c0002,10
3022db7a-7d42-11eb-8fb5-0242ac1c0002,9
30230d02-7d42-11eb-8fb5-0242ac1c0002,9
302eac8e-7d42-11eb-8fb5-0242ac1c0002,9
3022dcf6-7d42-11eb-8fb5-0242ac1c0002,9
97ae80ba-21bc-11ea-a13a-137349068a90,9
301da92a-7d42-11eb-8fb5-0242ac1c0002,9
30267d5c-7d42-11eb-8fb5-0242ac1c0002,9
3000f6a4-7d42-11eb-8fb5-0242ac1c0002,9
3024cd2c-7d42-11eb-8fb5-0242ac1c0002,9
2ffdedec-7d42-11eb-8fb5-0242ac1c0002,9
98b3fb98-21bc-11ea-a13a-137349068a90,9
30011350-7d42-11eb-8fb5-0242ac1c0002,9
911925d4-21bc-11ea-a13a-137349068a90,9
3027066e-7d42-11eb-8fb5-0242ac1c0002,9
3027ddf0-7d42-11eb-8fb5-0242ac1c0002,9
2fff56fa-7d42-11eb-8fb5-0242ac1c0002,9
5c88a2d2-7ed0-11eb-b7d6-0242ac1c0002,9
30026ae8-7d42-11eb-8fb5-0242ac1c0002,9
301da9a2-7d42-11eb-8fb5-0242ac1c0002,9
3021dfc2-7d42-11eb-8fb5-0242ac1c0002,9
301d2b30-7d42-11eb-8fb5-0242ac1c0002,9
301cee72-7d42-11eb-8fb5-0242ac1c0002,9
8ffed90a-21bc-11ea-a13a-137349068a90,9
99037358-21bc-11ea-a13a-137349068a90,9
98192f5a-21bc-11ea-a13a-137349068a90,9
302f3b40-7d42-11eb-8fb5-0242ac1c0002,9
300a44e8-7d42-11eb-8fb5-0242ac1c0002,3
5c8879d8-7ed0-11eb-b7d6-0242ac1c0002,2
302959e6-7d42-11eb-8fb5-0242ac1c0002,2
3010fefa-7d42-11eb-8fb5-0242ac1c0002,2
302f5e2c-7d42-11eb-8fb5-0242ac1c0002,3
300c77f4-7d42-11eb-8fb5-0242ac1c0002,1
300a94ca-7d42-11eb-8fb5-0242ac1c0002,1
3016459a-7d42-11eb-8fb5-0242ac1c0002,2
3006888a-7d42-11eb-8fb5-0242ac1c0002,3
92aec5ac-21bc-11ea-a13a-137349068a90,2
302c97e6-7d42-11eb-8fb5-0242ac1c0002,1
302de772-7d42-11eb-8fb5-0242ac1c0002,1
30199664-7d42-11eb-8fb5-0242ac1c0002,2
300e2f68-7d42-11eb-8fb5-0242ac1c0002,3
301e6720-7d42-11eb-8fb5-0242ac1c0002,2
300e6f32-7d42-11eb-8fb5-0242ac1c0002,2
5c85c7ba-7ed0-11eb-b7d6-0242ac1c0002,1
5c89b294-7ed0-11eb-b7d6-0242ac1c0002,3
302fd80c-7d42-11eb-8fb5-0242ac1c0002,2
3002ed92-7d42-11eb-8fb5-0242ac1c0002,2
99412b80-21bc-11ea-a13a-137349068a90,3
301f80b0-7d42-11eb-8fb5-0242ac1c0002,2
97c324b6-21bc-11ea-a13a-137349068a90,1
302e57b6-7d42-11eb-8fb5-0242ac1c0002,1
3000654a-7d42-11eb-8fb5-0242ac1c0002,1
2fffb366-7d42-11eb-8fb5-0242ac1c0002,2
302e773c-7d42-11eb-8fb5-0242ac1c0002,3
302ae892-7d42-11eb-8fb5-0242ac1c0002,2
3023cf44-7d42-11eb-8fb5-0242ac1c0002,3
979882d8-21bc-11ea-a13a-137349068a90,1
300a42fe-7d42-11eb-8fb5-0242ac1c0002,3
302f7d4e-7d42-11eb-8fb5-0242ac1c0002,3
94599cce-21bc-11ea-a13a-137349068a90,1
301cd4e6-7d42-11eb-8fb5-0242ac1c0002,2
960978be-21bc-11ea-a13a-137349068a90,3
300ddab8-7d42-11eb-8fb5-0242ac1c0002,3
301b1656-7d42-11eb-8fb5-0242ac1c0002,2
302f7cc2-7d42-11eb-8fb5-0242ac1c0002,2
301f7ef8-7d42-11eb-8fb5-0242ac1c0002,3
300ae6dc-7d42-11eb-8fb5-0242ac1c0002,2
5a248952-7ed0-11eb-b7d6-0242ac1c0002,1
30012b2e-7d42-11eb-8fb5-0242ac1c0002,2
982c536e-21bc-11ea-a13a-137349068a90,2
300aa032-7d42-11eb-8fb5-0242ac1c0002,1
3009826a-7d42-11eb-8fb5-0242ac1c0002,2
300fdbc4-7d42-11eb-8fb5-0242ac1c0002,2
302f1dcc-7d42-11eb-8fb5-0242ac1c0002,2
300e9aca-7d42-11eb-8fb5-0242ac1c0002,3
300afba4-7d42-11eb-8fb5-0242ac1c0002,3
30281ad6-7d42-11eb-8fb5-0242ac1c0002,3
30168370-7d42-11eb-8fb5-0242ac1c0002,3
302671e0-7d42-11eb-8fb5-0242ac1c0002,3
948cd9b8-21bc-11ea-a13a-137349068a90,1
300791da-7d42-11eb-8fb5-0242ac1c0002,1
9027cacc-21bc-11ea-a13a-137349068a90,2
30146dc4-7d42-11eb-8fb5-0242ac1c0002,1
3003ff7a-7d42-11eb-8fb5-0242ac1c0002,1
301cc3ac-7d42-11eb-8fb5-0242ac1c0002,3
302feaae-7d42-11eb-8fb5-0242ac1c0002,1
3015ae64-7d42-11eb-8fb5-0242ac1c0002,1
974f60a8-21bc-11ea-a13a-137349068a90,1
302d7076-7d42-11eb-8fb5-0242ac1c0002,2
30226a6e-7d42-11eb-8fb5-0242ac1c0002,3
30132d24-7d42-11eb-8fb5-0242ac1c0002,2
3028fc4e-7d42-11eb-8fb5-0242ac1c0002,1
98805af4-21bc-11ea-a13a-137349068a90,3
302d65c2-7d42-11eb-8fb5-0242ac1c0002,1
300517a2-7d42-11eb-8fb5-0242ac1c0002,1
30148836-7d42-11eb-8fb5-0242ac1c0002,2
301b83e8-7d42-11eb-8fb5-0242ac1c0002,2
5a275dc6-7ed0-11eb-b7d6-0242ac1c0002,1
2fff7842-7d42-11eb-8fb5-0242ac1c0002,3
3017c7a8-7d42-11eb-8fb5-0242ac1c0002,2
300af488-7d42-11eb-8fb5-0242ac1c0002,3
300e9a52-7d42-11eb-8fb5-0242ac1c0002,3
30148052-7d42-11eb-8fb5-0242ac1c0002,3
301b0d50-7d42-11eb-8fb5-0242ac1c0002,1
301cb9e8-7d42-11eb-8fb5-0242ac1c0002,1
982a006e-21bc-11ea-a13a-137349068a90,2
3008ae6c-7d42-11eb-8fb5-0242ac1c0002,1
8fd9b8dc-21bc-11ea-a13a-137349068a90,1
95e29a82-21bc-11ea-a13a-137349068a90,1
300a1752-7d42-11eb-8fb5-0242ac1c0002,2
3004af10-7d42-11eb-8fb5-0242ac1c0002,3
30097cfc-7d42-11eb-8fb5-0242ac1c0002,2
3023201c-7d42-11eb-8fb5-0242ac1c0002,3
302e5838-7d42-11eb-8fb5-0242ac1c0002,2
300686fa-7d42-11eb-8fb5-0242ac1c0002,2
3020cb14-7d42-11eb-8fb5-0242ac1c0002,3
977803be-21bc-11ea-a13a-137349068a90,3
96567772-21bc-11ea-a13a-137349068a90,1
8e0690b6-21bc-11ea-a13a-137349068a90,1
302274be-7d42-11eb-8fb5-0242ac1c0002,2
972dea0e-21bc-11ea-a13a-137349068a90,1
5c98f7f4-7ed0-11eb-b7d6-0242ac1c0002,1
3010d376-7d42-11eb-8fb5-0242ac1c0002,3
3002468a-7d42-11eb-8fb5-0242ac1c0002,1
301cc334-7d42-11eb-8fb5-0242ac1c0002,3
3012fba6-7d42-11eb-8fb5-0242ac1c0002,3
30143aac-7d42-11eb-8fb5-0242ac1c0002,1
5a2c2a90-7ed0-11eb-b7d6-0242ac1c0002,3
5c962916-7ed0-11eb-b7d6-0242ac1c0002,3
9636efa6-21bc-11ea-a13a-137349068a90,1
991888d8-21bc-11ea-a13a-137349068a90,2
30001112-7d42-11eb-8fb5-0242ac1c0002,1
301ca5fc-7d42-11eb-8fb5-0242ac1c0002,2
300dcb90-7d42-11eb-8fb5-0242ac1c0002,3
301cceec-7d42-11eb-8fb5-0242ac1c0002,2
300fcfe4-7d42-11eb-8fb5-0242ac1c0002,1
3002f2f6-7d42-11eb-8fb5-0242ac1c0002,3
5a373480-7ed0-11eb-b7d6-0242ac1c0002,2
3007d3f2-7d42-11eb-8fb5-0242ac1c0002,3
3000429a-7d42-11eb-8fb5-0242ac1c0002,3
2fffd72e-7d42-11eb-8fb5-0242ac1c0002,3
3028b158-7d42-11eb-8fb5-0242ac1c0002,2
8b3cfdfc-21bc-11ea-a13a-137349068a90,2
301b64bc-7d42-11eb-8fb5-0242ac1c0002,2
30074d38-7d42-11eb-8fb5-0242ac1c0002,2
301cc8ac-7d42-11eb-8fb5-0242ac1c0002,1
3016c682-7d42-11eb-8fb5-0242ac1c0002,3
91344f80-21bc-11ea-a13a-137349068a90,2
94835136-21bc-11ea-a13a-137349068a90,1
302f7dc6-7d42-11eb-8fb5-0242ac1c0002,3
994d59be-21bc-11ea-a13a-137349068a90,3
30253c3a-7d42-11eb-8fb5-0242ac1c0002,2
9645186a-21bc-11ea-a13a-137349068a90,2
8c12bf5a-21bc-11ea-a13a-137349068a90,1
30123414-7d42-11eb-8fb5-0242ac1c0002,3
30033630-7d42-11eb-8fb5-0242ac1c0002,3
30290ec8-7d42-11eb-8fb5-0242ac1c0002,1
301f9410-7d42-11eb-8fb5-0242ac1c0002,3
5c97c3f2-7ed0-11eb-b7d6-0242ac1c0002,2
302db7d4-7d42-11eb-8fb5-0242ac1c0002,2
90479474-21bc-11ea-a13a-137349068a90,2
302fea2c-7d42-11eb-8fb5-0242ac1c0002,1
8fa1fba4-21bc-11ea-a13a-137349068a90,2
97e172ae-21bc-11ea-a13a-137349068a90,2
30228dc8-7d42-11eb-8fb5-0242ac1c0002,3
95ff6810-21bc-11ea-a13a-137349068a90,1
300e98cc-7d42-11eb-8fb5-0242ac1c0002,3
30253a32-7d42-11eb-8fb5-0242ac1c0002,1
301224a6-7d42-11eb-8fb5-0242ac1c0002,2
5c96f206-7ed0-11eb-b7d6-0242ac1c0002,1
91f1cd44-21bc-11ea-a13a-137349068a90,1
30099c1e-7d42-11eb-8fb5-0242ac1c0002,3
30104a46-7d42-11eb-8fb5-0242ac1c0002,3
300ba72a-7d42-11eb-8fb5-0242ac1c0002,3
938f9578-21bc-11ea-a13a-137349068a90,3
3024aa68-7d42-11eb-8fb5-0242ac1c0002,3
97c4b0f6-21bc-11ea-a13a-137349068a90,1
9700cf9c-21bc-11ea-a13a-137349068a90,1
30074cc0-7d42-11eb-8fb5-0242ac1c0002,3
3021fb6a-7d42-11eb-8fb5-0242ac1c0002,2
97b9e162-21bc-11ea-a13a-137349068a90,1
3004ebd8-7d42-11eb-8fb5-0242ac1c0002,1
943fba0c-21bc-11ea-a13a-137349068a90,2
302e44a6-7d42-11eb-8fb5-0242ac1c0002,2
982d9f30-21bc-11ea-a13a-137349068a90,1
302475ca-7d42-11eb-8fb5-0242ac1c0002,3
30053bf6-7d42-11eb-8fb5-0242ac1c0002,3
300b14b8-7d42-11eb-8fb5-0242ac1c0002,1
990b7972-21bc-11ea-a13a-137349068a90,1
5a257f92-7ed0-11eb-b7d6-0242ac1c0002,1
301d8ab2-7d42-11eb-8fb5-0242ac1c0002,1
9738b88a-21bc-11ea-a13a-137349068a90,3
3019a7a8-7d42-11eb-8fb5-0242ac1c0002,1
300b23fe-7d42-11eb-8fb5-0242ac1c0002,1
98680508-21bc-11ea-a13a-137349068a90,1
5a2aacc4-7ed0-11eb-b7d6-0242ac1c0002,1
9447cdc8-21bc-11ea-a13a-137349068a90,3
300a5a50-7d42-11eb-8fb5-0242ac1c0002,1
301f9320-7d42-11eb-8fb5-0242ac1c0002,3
5a20c6be-7ed0-11eb-b7d6-0242ac1c0002,2
99420a5a-21bc-11ea-a13a-137349068a90,2
30031f42-7d42-11eb-8fb5-0242ac1c0002,3
5a303de2-7ed0-11eb-b7d6-0242ac1c0002,1
96cf2e92-21bc-11ea-a13a-137349068a90,1
300fd20a-7d42-11eb-8fb5-0242ac1c0002,2
300c91c6-7d42-11eb-8fb5-0242ac1c0002,1
92e6a8e6-21bc-11ea-a13a-137349068a90,1
302ae75c-7d42-11eb-8fb5-0242ac1c0002,2
302ae7fc-7d42-11eb-8fb5-0242ac1c0002,2
986d7c0e-21bc-11ea-a13a-137349068a90,1
302f1a02-7d42-11eb-8fb5-0242ac1c0002,1
300ca436-7d42-11eb-8fb5-0242ac1c0002,1
3016428e-7d42-11eb-8fb5-0242ac1c0002,2
302f1aa2-7d42-11eb-8fb5-0242ac1c0002,1
301cd0f4-7d42-11eb-8fb5-0242ac1c0002,3
300b5108-7d42-11eb-8fb5-0242ac1c0002,1
300e2950-7d42-11eb-8fb5-0242ac1c0002,3
3009b65e-7d42-11eb-8fb5-0242ac1c0002,3
301b653e-7d42-11eb-8fb5-0242ac1c0002,2
5a1fbbb6-7ed0-11eb-b7d6-0242ac1c0002,2
2fff81fc-7d42-11eb-8fb5-0242ac1c0002,3
3023353e-7d42-11eb-8fb5-0242ac1c0002,1
300d47ba-7d42-11eb-8fb5-0242ac1c0002,3
3025ba0c-7d42-11eb-8fb5-0242ac1c0002,1
2ffdef90-7d42-11eb-8fb5-0242ac1c0002,2
300cb6f6-7d42-11eb-8fb5-0242ac1c0002,1
300e2fe0-7d42-11eb-8fb5-0242ac1c0002,3
30164428-7d42-11eb-8fb5-0242ac1c0002,2
300fd4b2-7d42-11eb-8fb5-0242ac1c0002,2
302d3700-7d42-11eb-8fb5-0242ac1c0002,3
302fe284-7d42-11eb-8fb5-0242ac1c0002,1
97dd73a2-21bc-11ea-a13a-137349068a90,3
301b9bc6-7d42-11eb-8fb5-0242ac1c0002,1
3005a280-7d42-11eb-8fb5-0242ac1c0002,3
301683e8-7d42-11eb-8fb5-0242ac1c0002,2
95b7ef1c-21bc-11ea-a13a-137349068a90,3
30187f9a-7d42-11eb-8fb5-0242ac1c0002,3
3013e764-7d42-11eb-8fb5-0242ac1c0002,2
3016c272-7d42-11eb-8fb5-0242ac1c0002,2
5a295ebe-7ed0-11eb-b7d6-0242ac1c0002,1
3005aba4-7d42-11eb-8fb5-0242ac1c0002,3
300a40a6-7d42-11eb-8fb5-0242ac1c0002,3
3019a4c4-7d42-11eb-8fb5-0242ac1c0002,1
3002478e-7d42-11eb-8fb5-0242ac1c0002,2
300e7dc4-7d42-11eb-8fb5-0242ac1c0002,2
301103fa-7d42-11eb-8fb5-0242ac1c0002,3
302433a8-7d42-11eb-8fb5-0242ac1c0002,3
2fffd65c-7d42-11eb-8fb5-0242ac1c0002,2
30131384-7d42-11eb-8fb5-0242ac1c0002,2
5c97ec1a-7ed0-11eb-b7d6-0242ac1c0002,2
300b3b46-7d42-11eb-8fb5-0242ac1c0002,1
30164bda-7d42-11eb-8fb5-0242ac1c0002,3
301481d8-7d42-11eb-8fb5-0242ac1c0002,3
981418e4-21bc-11ea-a13a-137349068a90,3
9872e360-21bc-11ea-a13a-137349068a90,1
5c9ddc88-7ed0-11eb-b7d6-0242ac1c0002,2
92e5bc92-21bc-11ea-a13a-137349068a90,3
30287710-7d42-11eb-8fb5-0242ac1c0002,3
973616f2-21bc-11ea-a13a-137349068a90,1
301cd658-7d42-11eb-8fb5-0242ac1c0002,1
30237f6c-7d42-11eb-8fb5-0242ac1c0002,1
5c8f4d8a-7ed0-11eb-b7d6-0242ac1c0002,2
30147bd4-7d42-11eb-8fb5-0242ac1c0002,1
30164aea-7d42-11eb-8fb5-0242ac1c0002,3
302335fc-7d42-11eb-8fb5-0242ac1c0002,1
300dca96-7d42-11eb-8fb5-0242ac1c0002,3
300dca0a-7d42-11eb-8fb5-0242ac1c0002,2
30076dae-7d42-11eb-8fb5-0242ac1c0002,2
302fde2e-7d42-11eb-8fb5-0242ac1c0002,2
986f3774-21bc-11ea-a13a-137349068a90,3
301b99f0-7d42-11eb-8fb5-0242ac1c0002,1
30068916-7d42-11eb-8fb5-0242ac1c0002,3
90b521e2-21bc-11ea-a13a-137349068a90,1
5a1d0c4a-7ed0-11eb-b7d6-0242ac1c0002,3
5a334992-7ed0-11eb-b7d6-0242ac1c0002,1
3022d0d0-7d42-11eb-8fb5-0242ac1c0002,2
30276942-7d42-11eb-8fb5-0242ac1c0002,2
300ff014-7d42-11eb-8fb5-0242ac1c0002,3
30266272-7d42-11eb-8fb5-0242ac1c0002,3
95008606-21bc-11ea-a13a-137349068a90,1
3015d466-7d42-11eb-8fb5-0242ac1c0002,3
300965d2-7d42-11eb-8fb5-0242ac1c0002,3
300a9e66-7d42-11eb-8fb5-0242ac1c0002,1
302e0e96-7d42-11eb-8fb5-0242ac1c0002,3
3021f9a8-7d42-11eb-8fb5-0242ac1c0002,3
2ffefab6-7d42-11eb-8fb5-0242ac1c0002,1
3010eeec-7d42-11eb-8fb5-0242ac1c0002,2
3012b498-7d42-11eb-8fb5-0242ac1c0002,1
300bd998-7d42-11eb-8fb5-0242ac1c0002,2
301ab4a4-7d42-11eb-8fb5-0242ac1c0002,3
5c849552-7ed0-11eb-b7d6-0242ac1c0002,3
302d4132-7d42-11eb-8fb5-0242ac1c0002,1
3012224e-7d42-11eb-8fb5-0242ac1c0002,3
30148782-7d42-11eb-8fb5-0242ac1c0002,2
3004c8a6-7d42-11eb-8fb5-0242ac1c0002,3
300bc552-7d42-11eb-8fb5-0242ac1c0002,2
973e9624-21bc-11ea-a13a-137349068a90,2
301caa02-7d42-11eb-8fb5-0242ac1c0002,2
98833fa8-21bc-11ea-a13a-137349068a90,2
300dc2ee-7d42-11eb-8fb5-0242ac1c0002,1
938a3bc8-21bc-11ea-a13a-137349068a90,3
5c9099ba-7ed0-11eb-b7d6-0242ac1c0002,1
916e2746-21bc-11ea-a13a-137349068a90,1
30099d40-7d42-11eb-8fb5-0242ac1c0002,3
97e85100-21bc-11ea-a13a-137349068a90,1
30290112-7d42-11eb-8fb5-0242ac1c0002,2
93bb1be4-21bc-11ea-a13a-137349068a90,1
5c9a3c04-7ed0-11eb-b7d6-0242ac1c0002,2
3015aee6-7d42-11eb-8fb5-0242ac1c0002,1
3024d89e-7d42-11eb-8fb5-0242ac1c0002,3
9522192e-21bc-11ea-a13a-137349068a90,1
5c9be52c-7ed0-11eb-b7d6-0242ac1c0002,2
30164324-7d42-11eb-8fb5-0242ac1c0002,2
300e1e10-7d42-11eb-8fb5-0242ac1c0002,1
3009a772-7d42-11eb-8fb5-0242ac1c0002,3
302dee16-7d42-11eb-8fb5-0242ac1c0002,1
300af582-7d42-11eb-8fb5-0242ac1c0002,3
3004eb60-7d42-11eb-8fb5-0242ac1c0002,1
302f60ca-7d42-11eb-8fb5-0242ac1c0002,3
3024827c-7d42-11eb-8fb5-0242ac1c0002,1
96677bb2-21bc-11ea-a13a-137349068a90,1
301b4d88-7d42-11eb-8fb5-0242ac1c0002,1
9685c09a-21bc-11ea-a13a-137349068a90,1
300875b4-7d42-11eb-8fb5-0242ac1c0002,1
30212032-7d42-11eb-8fb5-0242ac1c0002,2
3022a9c0-7d42-11eb-8fb5-0242ac1c0002,2
300e80ee-7d42-11eb-8fb5-0242ac1c0002,3
300af3fc-7d42-11eb-8fb5-0242ac1c0002,2
9793944e-21bc-11ea-a13a-137349068a90,3
301243a0-7d42-11eb-8fb5-0242ac1c0002,3
300a4696-7d42-11eb-8fb5-0242ac1c0002,3
300e29d2-7d42-11eb-8fb5-0242ac1c0002,3
3001c9e4-7d42-11eb-8fb5-0242ac1c0002,3
3014893a-7d42-11eb-8fb5-0242ac1c0002,1
30074a2c-7d42-11eb-8fb5-0242ac1c0002,2
3003e742-7d42-11eb-8fb5-0242ac1c0002,1
30106418-7d42-11eb-8fb5-0242ac1c0002,1
300c9fcc-7d42-11eb-8fb5-0242ac1c0002,1
30074c34-7d42-11eb-8fb5-0242ac1c0002,3
30256ca0-7d42-11eb-8fb5-0242ac1c0002,3
3015c232-7d42-11eb-8fb5-0242ac1c0002,2
301b7074-7d42-11eb-8fb5-0242ac1c0002,1
96881d4a-21bc-11ea-a13a-137349068a90,3
3002e784-7d42-11eb-8fb5-0242ac1c0002,1
30150ff4-7d42-11eb-8fb5-0242ac1c0002,2
5a28cfee-7ed0-11eb-b7d6-0242ac1c0002,3
301242ce-7d42-11eb-8fb5-0242ac1c0002,2
9870b31a-21bc-11ea-a13a-137349068a90,1
3016414e-7d42-11eb-8fb5-0242ac1c0002,2
3015ade2-7d42-11eb-8fb5-0242ac1c0002,1
3011b0fc-7d42-11eb-8fb5-0242ac1c0002,2
301682ee-7d42-11eb-8fb5-0242ac1c0002,3
301a1d64-7d42-11eb-8fb5-0242ac1c0002,3
95de3d16-21bc-11ea-a13a-137349068a90,1
30008732-7d42-11eb-8fb5-0242ac1c0002,3
301ccff0-7d42-11eb-8fb5-0242ac1c0002,3
9379c6c6-21bc-11ea-a13a-137349068a90,1
5a1d5ab0-7ed0-11eb-b7d6-0242ac1c0002,1
5c9b75f6-7ed0-11eb-b7d6-0242ac1c0002,1
301ca4da-7d42-11eb-8fb5-0242ac1c0002,2
300ca094-7d42-11eb-8fb5-0242ac1c0002,1
30131780-7d42-11eb-8fb5-0242ac1c0002,1
3003f624-7d42-11eb-8fb5-0242ac1c0002,2
300e6fb4-7d42-11eb-8fb5-0242ac1c0002,3
9715d89c-21bc-11ea-a13a-137349068a90,1
300687fe-7d42-11eb-8fb5-0242ac1c0002,2
301473b4-7d42-11eb-8fb5-0242ac1c0002,1
9936f868-21bc-11ea-a13a-137349068a90,2
3028a7da-7d42-11eb-8fb5-0242ac1c0002,1
30280b22-7d42-11eb-8fb5-0242ac1c0002,2
94856106-21bc-11ea-a13a-137349068a90,2
95adf4da-21bc-11ea-a13a-137349068a90,1
300ddba8-7d42-11eb-8fb5-0242ac1c0002,3
9628bed6-21bc-11ea-a13a-137349068a90,1
300e2ad6-7d42-11eb-8fb5-0242ac1c0002,3
5a3627ca-7ed0-11eb-b7d6-0242ac1c0002,3
9059192e-21bc-11ea-a13a-137349068a90,1
3004b082-7d42-11eb-8fb5-0242ac1c0002,3
5a2adf0a-7ed0-11eb-b7d6-0242ac1c0002,3
302c6546-7d42-11eb-8fb5-0242ac1c0002,1
30129602-7d42-11eb-8fb5-0242ac1c0002,2
301488b8-7d42-11eb-8fb5-0242ac1c0002,1
300a9f56-7d42-11eb-8fb5-0242ac1c0002,1
300afb2c-7d42-11eb-8fb5-0242ac1c0002,3
9924ff64-21bc-11ea-a13a-137349068a90,1
5a213e1e-7ed0-11eb-b7d6-0242ac1c0002,2
96b27e8c-21bc-11ea-a13a-137349068a90,2
301afed2-7d42-11eb-8fb5-0242ac1c0002,2
3016c6fa-7d42-11eb-8fb5-0242ac1c0002,2
3021e724-7d42-11eb-8fb5-0242ac1c0002,3
5a334226-7ed0-11eb-b7d6-0242ac1c0002,3
92a1a386-21bc-11ea-a13a-137349068a90,2
30237fe4-7d42-11eb-8fb5-0242ac1c0002,1
3015baf8-7d42-11eb-8fb5-0242ac1c0002,3
98da1d3c-21bc-11ea-a13a-137349068a90,3
991875aa-21bc-11ea-a13a-137349068a90,1
99508da0-21bc-11ea-a13a-137349068a90,3
302082f8-7d42-11eb-8fb5-0242ac1c0002,3
5c8e9fc0-7ed0-11eb-b7d6-0242ac1c0002,2
3003f69c-7d42-11eb-8fb5-0242ac1c0002,2
3019a6c2-7d42-11eb-8fb5-0242ac1c0002,1
300aef92-7d42-11eb-8fb5-0242ac1c0002,3
3002ceb6-7d42-11eb-8fb5-0242ac1c0002,3
9840ac6a-21bc-11ea-a13a-137349068a90,1
30035034-7d42-11eb-8fb5-0242ac1c0002,2
962099cc-21bc-11ea-a13a-137349068a90,3
300b4d8e-7d42-11eb-8fb5-0242ac1c0002,1
98a4c204-21bc-11ea-a13a-137349068a90,3
973ea272-21bc-11ea-a13a-137349068a90,2
94695b6e-21bc-11ea-a13a-137349068a90,1
301cd5e0-7d42-11eb-8fb5-0242ac1c0002,2
9881be58-21bc-11ea-a13a-137349068a90,1
300aa104-7d42-11eb-8fb5-0242ac1c0002,1
300a4722-7d42-11eb-8fb5-0242ac1c0002,3
300b4906-7d42-11eb-8fb5-0242ac1c0002,1
98f8bd00-21bc-11ea-a13a-137349068a90,1
95fcac42-21bc-11ea-a13a-137349068a90,1
300d70fa-7d42-11eb-8fb5-0242ac1c0002,3
5c962c54-7ed0-11eb-b7d6-0242ac1c0002,3
9707bbf4-21bc-11ea-a13a-137349068a90,3
3011c7ae-7d42-11eb-8fb5-0242ac1c0002,2
30074b3a-7d42-11eb-8fb5-0242ac1c0002,2
3002e838-7d42-11eb-8fb5-0242ac1c0002,1
3018caf4-7d42-11eb-8fb5-0242ac1c0002,2
3007d9c4-7d42-11eb-8fb5-0242ac1c0002,3
300bd61e-7d42-11eb-8fb5-0242ac1c0002,2
993e94ec-21bc-11ea-a13a-137349068a90,2
300b487a-7d42-11eb-8fb5-0242ac1c0002,1
9787a620-21bc-11ea-a13a-137349068a90,1
30028dac-7d42-11eb-8fb5-0242ac1c0002,3
30033888-7d42-11eb-8fb5-0242ac1c0002,2
300e6064-7d42-11eb-8fb5-0242ac1c0002,1
30279bb0-7d42-11eb-8fb5-0242ac1c0002,2
300f9fe2-7d42-11eb-8fb5-0242ac1c0002,3
301cce42-7d42-11eb-8fb5-0242ac1c0002,2
30031c72-7d42-11eb-8fb5-0242ac1c0002,2
3008ac82-7d42-11eb-8fb5-0242ac1c0002,1
5c8d17d6-7ed0-11eb-b7d6-0242ac1c0002,2
9552fc74-21bc-11ea-a13a-137349068a90,1
30105d7e-7d42-11eb-8fb5-0242ac1c0002,2
89d2a2c8-21bc-11ea-a13a-137349068a90,1
3010f478-7d42-11eb-8fb5-0242ac1c0002,1
302c4e94-7d42-11eb-8fb5-0242ac1c0002,2
30228e40-7d42-11eb-8fb5-0242ac1c0002,3
301895e8-7d42-11eb-8fb5-0242ac1c0002,1
300e984a-7d42-11eb-8fb5-0242ac1c0002,2
90c70d76-21bc-11ea-a13a-137349068a90,1
30079126-7d42-11eb-8fb5-0242ac1c0002,1
301fa9aa-7d42-11eb-8fb5-0242ac1c0002,3
30074996-7d42-11eb-8fb5-0242ac1c0002,3
8f29159a-21bc-11ea-a13a-137349068a90,1
2ffd5a26-7d42-11eb-8fb5-0242ac1c0002,3
3017b81c-7d42-11eb-8fb5-0242ac1c0002,2
3022cf18-7d42-11eb-8fb5-0242ac1c0002,2
3008765e-7d42-11eb-8fb5-0242ac1c0002,1
5c978a36-7ed0-11eb-b7d6-0242ac1c0002,3
3013e4ee-7d42-11eb-8fb5-0242ac1c0002,1
2fffd9e0-7d42-11eb-8fb5-0242ac1c0002,3
97335638-21bc-11ea-a13a-137349068a90,3
300ddb30-7d42-11eb-8fb5-0242ac1c0002,3
93396ca2-21bc-11ea-a13a-137349068a90,3
3016c182-7d42-11eb-8fb5-0242ac1c0002,3
30028f14-7d42-11eb-8fb5-0242ac1c0002,2
300d5c46-7d42-11eb-8fb5-0242ac1c0002,3
30099dd6-7d42-11eb-8fb5-0242ac1c0002,3
3002ee1e-7d42-11eb-8fb5-0242ac1c0002,2
30254a68-7d42-11eb-8fb5-0242ac1c0002,3
8a6c4e6e-21bc-11ea-a13a-137349068a90,2
30039eb8-7d42-11eb-8fb5-0242ac1c0002,1
96143f92-21bc-11ea-a13a-137349068a90,3
300da61a-7d42-11eb-8fb5-0242ac1c0002,2
3009628a-7d42-11eb-8fb5-0242ac1c0002,3
3012f1ec-7d42-11eb-8fb5-0242ac1c0002,1
30004222-7d42-11eb-8fb5-0242ac1c0002,3
2fff41d8-7d42-11eb-8fb5-0242ac1c0002,2
301f99ec-7d42-11eb-8fb5-0242ac1c0002,3
302e77c8-7d42-11eb-8fb5-0242ac1c0002,3
930064f2-21bc-11ea-a13a-137349068a90,1
3022d152-7d42-11eb-8fb5-0242ac1c0002,3
30198c64-7d42-11eb-8fb5-0242ac1c0002,2
300a4268-7d42-11eb-8fb5-0242ac1c0002,3
97cece4c-21bc-11ea-a13a-137349068a90,1
300fa064-7d42-11eb-8fb5-0242ac1c0002,3
3011ada0-7d42-11eb-8fb5-0242ac1c0002,3
97c4cd98-21bc-11ea-a13a-137349068a90,1
98158c4c-21bc-11ea-a13a-137349068a90,3
947acd40-21bc-11ea-a13a-137349068a90,1
301b6ae8-7d42-11eb-8fb5-0242ac1c0002,2
920e2a20-21bc-11ea-a13a-137349068a90,1
98923526-21bc-11ea-a13a-137349068a90,1
3026c9ce-7d42-11eb-8fb5-0242ac1c0002,1
302c763a-7d42-11eb-8fb5-0242ac1c0002,3
2ffede78-7d42-11eb-8fb5-0242ac1c0002,2
302cd616-7d42-11eb-8fb5-0242ac1c0002,2
2ffef9c6-7d42-11eb-8fb5-0242ac1c0002,2
97331d12-21bc-11ea-a13a-137349068a90,1
30110472-7d42-11eb-8fb5-0242ac1c0002,2
5c98c6e4-7ed0-11eb-b7d6-0242ac1c0002,1
942d67da-21bc-11ea-a13a-137349068a90,3
3025ebbc-7d42-11eb-8fb5-0242ac1c0002,1
5a29eb9a-7ed0-11eb-b7d6-0242ac1c0002,3
5c8667ce-7ed0-11eb-b7d6-0242ac1c0002,2
301102ec-7d42-11eb-8fb5-0242ac1c0002,3
94f2a112-21bc-11ea-a13a-137349068a90,1
97ddd6c6-21bc-11ea-a13a-137349068a90,3
982ba34c-21bc-11ea-a13a-137349068a90,3
3027b5f0-7d42-11eb-8fb5-0242ac1c0002,3
3004caae-7d42-11eb-8fb5-0242ac1c0002,3
9767fcee-21bc-11ea-a13a-137349068a90,1
3004abfa-7d42-11eb-8fb5-0242ac1c0002,3
3029db64-7d42-11eb-8fb5-0242ac1c0002,1
97d2e40a-21bc-11ea-a13a-137349068a90,1
302e561c-7d42-11eb-8fb5-0242ac1c0002,2
91780f72-21bc-11ea-a13a-137349068a90,3
988281e4-21bc-11ea-a13a-137349068a90,1
302763f2-7d42-11eb-8fb5-0242ac1c0002,3
30011e86-7d42-11eb-8fb5-0242ac1c0002,2
3003f71e-7d42-11eb-8fb5-0242ac1c0002,3
98320cfa-21bc-11ea-a13a-137349068a90,1
3007d942-7d42-11eb-8fb5-0242ac1c0002,3
300820d2-7d42-11eb-8fb5-0242ac1c0002,3
97c7e83e-21bc-11ea-a13a-137349068a90,1
991712dc-21bc-11ea-a13a-137349068a90,1
9840a332-21bc-11ea-a13a-137349068a90,2
3004f2d6-7d42-11eb-8fb5-0242ac1c0002,1
302f7c4a-7d42-11eb-8fb5-0242ac1c0002,2
300a242c-7d42-11eb-8fb5-0242ac1c0002,1
3004b0fa-7d42-11eb-8fb5-0242ac1c0002,3
3012f174-7d42-11eb-8fb5-0242ac1c0002,1
30152034-7d42-11eb-8fb5-0242ac1c0002,3
301309d4-7d42-11eb-8fb5-0242ac1c0002,2
300826ea-7d42-11eb-8fb5-0242ac1c0002,3
3012fc28-7d42-11eb-8fb5-0242ac1c0002,2
301a0b26-7d42-11eb-8fb5-0242ac1c0002,3
30148160-7d42-11eb-8fb5-0242ac1c0002,3
5c9aa84c-7ed0-11eb-b7d6-0242ac1c0002,3
300fd52a-7d42-11eb-8fb5-0242ac1c0002,3
301b9d7e-7d42-11eb-8fb5-0242ac1c0002,1
3016c1fa-7d42-11eb-8fb5-0242ac1c0002,3
3009a40c-7d42-11eb-8fb5-0242ac1c0002,2
3003fbf6-7d42-11eb-8fb5-0242ac1c0002,3
3028a758-7d42-11eb-8fb5-0242ac1c0002,1
95b53b3c-21bc-11ea-a13a-137349068a90,1
2fff3ada-7d42-11eb-8fb5-0242ac1c0002,1
953c3e26-21bc-11ea-a13a-137349068a90,1
30074aae-7d42-11eb-8fb5-0242ac1c0002,2
99073740-21bc-11ea-a13a-137349068a90,1
3019a820-7d42-11eb-8fb5-0242ac1c0002,1
95fb8d3a-21bc-11ea-a13a-137349068a90,1
300af5fa-7d42-11eb-8fb5-0242ac1c0002,3
990f6186-21bc-11ea-a13a-137349068a90,2
5c8a7f6c-7ed0-11eb-b7d6-0242ac1c0002,1
5a2207d6-7ed0-11eb-b7d6-0242ac1c0002,3
3012442c-7d42-11eb-8fb5-0242ac1c0002,1
300e9502-7d42-11eb-8fb5-0242ac1c0002,3
90c8bbbc-21bc-11ea-a13a-137349068a90,2
300a4010-7d42-11eb-8fb5-0242ac1c0002,3
3005a302-7d42-11eb-8fb5-0242ac1c0002,2
3012b588-7d42-11eb-8fb5-0242ac1c0002,1
30062b24-7d42-11eb-8fb5-0242ac1c0002,3
3008ab7e-7d42-11eb-8fb5-0242ac1c0002,1
300d6ee8-7d42-11eb-8fb5-0242ac1c0002,3
301415fe-7d42-11eb-8fb5-0242ac1c0002,2
301969b4-7d42-11eb-8fb5-0242ac1c0002,1
98177124-21bc-11ea-a13a-137349068a90,3
99373454-21bc-11ea-a13a-137349068a90,1
301c339c-7d42-11eb-8fb5-0242ac1c0002,1
9668f672-21bc-11ea-a13a-137349068a90,1
96ddcb64-21bc-11ea-a13a-137349068a90,1
30124512-7d42-11eb-8fb5-0242ac1c0002,1
30098170-7d42-11eb-8fb5-0242ac1c0002,2
94182ce4-21bc-11ea-a13a-137349068a90,1
5a305642-7ed0-11eb-b7d6-0242ac1c0002,1
302333cc-7d42-11eb-8fb5-0242ac1c0002,1
300a25a8-7d42-11eb-8fb5-0242ac1c0002,3
3012b510-7d42-11eb-8fb5-0242ac1c0002,1
5c9b1926-7ed0-11eb-b7d6-0242ac1c0002,3
302de65a-7d42-11eb-8fb5-0242ac1c0002,1
5c99037a-7ed0-11eb-b7d6-0242ac1c0002,1
97a4ae3c-21bc-11ea-a13a-137349068a90,3
300aeee8-7d42-11eb-8fb5-0242ac1c0002,2
300a457e-7d42-11eb-8fb5-0242ac1c0002,3
9650e492-21bc-11ea-a13a-137349068a90,1
5a325ee2-7ed0-11eb-b7d6-0242ac1c0002,3
95fbd088-21bc-11ea-a13a-137349068a90,1
30068650-7d42-11eb-8fb5-0242ac1c0002,2
302ae914-7d42-11eb-8fb5-0242ac1c0002,2
30135326-7d42-11eb-8fb5-0242ac1c0002,1
971db2a6-21bc-11ea-a13a-137349068a90,1
98764140-21bc-11ea-a13a-137349068a90,1
3004ab78-7d42-11eb-8fb5-0242ac1c0002,2
99041ccc-21bc-11ea-a13a-137349068a90,1
8ea44428-21bc-11ea-a13a-137349068a90,1
3026dcca-7d42-11eb-8fb5-0242ac1c0002,1
3015c2aa-7d42-11eb-8fb5-0242ac1c0002,2
987b8bb4-21bc-11ea-a13a-137349068a90,2
301ead66-7d42-11eb-8fb5-0242ac1c0002,1
2fffb406-7d42-11eb-8fb5-0242ac1c0002,2
928cf63e-21bc-11ea-a13a-137349068a90,2
92490c62-21bc-11ea-a13a-137349068a90,1
3024d916-7d42-11eb-8fb5-0242ac1c0002,3
300a460a-7d42-11eb-8fb5-0242ac1c0002,3
2fff4ca0-7d42-11eb-8fb5-0242ac1c0002,3
980e6a8e-21bc-11ea-a13a-137349068a90,3
3028150e-7d42-11eb-8fb5-0242ac1c0002,2
30123eaa-7d42-11eb-8fb5-0242ac1c0002,2
300b7282-7d42-11eb-8fb5-0242ac1c0002,1
3015df56-7d42-11eb-8fb5-0242ac1c0002,3
3024ce30-7d42-11eb-8fb5-0242ac1c0002,3
30024810-7d42-11eb-8fb5-0242ac1c0002,1
301ec79c-7d42-11eb-8fb5-0242ac1c0002,2
30237ef4-7d42-11eb-8fb5-0242ac1c0002,1
97e1a576-21bc-11ea-a13a-137349068a90,1
30033810-7d42-11eb-8fb5-0242ac1c0002,2
5a3cab2c-7ed0-11eb-b7d6-0242ac1c0002,3
2fff7a90-7d42-11eb-8fb5-0242ac1c0002,3
5a2db91e-7ed0-11eb-b7d6-0242ac1c0002,1
5c9498bc-7ed0-11eb-b7d6-0242ac1c0002,2
3005b16c-7d42-11eb-8fb5-0242ac1c0002,3
30051586-7d42-11eb-8fb5-0242ac1c0002,1
5c8e75ea-7ed0-11eb-b7d6-0242ac1c0002,2
91cd095a-21bc-11ea-a13a-137349068a90,2
3013aaa6-7d42-11eb-8fb5-0242ac1c0002,2
991ce7a2-21bc-11ea-a13a-137349068a90,3
30138dfa-7d42-11eb-8fb5-0242ac1c0002,1
301eace4-7d42-11eb-8fb5-0242ac1c0002,1
3019cb02-7d42-11eb-8fb5-0242ac1c0002,1
30243dee-7d42-11eb-8fb5-0242ac1c0002,2
301a77e6-7d42-11eb-8fb5-0242ac1c0002,1
2fff7b30-7d42-11eb-8fb5-0242ac1c0002,3
96d330b4-21bc-11ea-a13a-137349068a90,1
302d6ef0-7d42-11eb-8fb5-0242ac1c0002,3
300ff226-7d42-11eb-8fb5-0242ac1c0002,2
92903dd0-21bc-11ea-a13a-137349068a90,3
30197044-7d42-11eb-8fb5-0242ac1c0002,1
3016358c-7d42-11eb-8fb5-0242ac1c0002,1
990ca54a-21bc-11ea-a13a-137349068a90,1
961ecd86-21bc-11ea-a13a-137349068a90,1
30184eb2-7d42-11eb-8fb5-0242ac1c0002,1
301480de-7d42-11eb-8fb5-0242ac1c0002,3
98269366-21bc-11ea-a13a-137349068a90,3
3004fa9c-7d42-11eb-8fb5-0242ac1c0002,2
98d04dca-21bc-11ea-a13a-137349068a90,1
30096208-7d42-11eb-8fb5-0242ac1c0002,3
30164978-7d42-11eb-8fb5-0242ac1c0002,2
301fab1c-7d42-11eb-8fb5-0242ac1c0002,3
30129684-7d42-11eb-8fb5-0242ac1c0002,2
98735886-21bc-11ea-a13a-137349068a90,2
3013cffe-7d42-11eb-8fb5-0242ac1c0002,2
300fe81c-7d42-11eb-8fb5-0242ac1c0002,2
30192ae4-7d42-11eb-8fb5-0242ac1c0002,2
30064b68-7d42-11eb-8fb5-0242ac1c0002,2
30099b88-7d42-11eb-8fb5-0242ac1c0002,3
5c91f620-7ed0-11eb-b7d6-0242ac1c0002,2
301cb524-7d42-11eb-8fb5-0242ac1c0002,3
3027ae0c-7d42-11eb-8fb5-0242ac1c0002,3
3013022c-7d42-11eb-8fb5-0242ac1c0002,1
989c2fc2-21bc-11ea-a13a-137349068a90,1
30058c96-7d42-11eb-8fb5-0242ac1c0002,3
30097c66-7d42-11eb-8fb5-0242ac1c0002,3
30183eae-7d42-11eb-8fb5-0242ac1c0002,1
3013e46c-7d42-11eb-8fb5-0242ac1c0002,1
30076caa-7d42-11eb-8fb5-0242ac1c0002,2
96de9a08-21bc-11ea-a13a-137349068a90,2
300f0398-7d42-11eb-8fb5-0242ac1c0002,2
301ecc56-7d42-11eb-8fb5-0242ac1c0002,2
5c9a18f0-7ed0-11eb-b7d6-0242ac1c0002,3
5a1e3a5c-7ed0-11eb-b7d6-0242ac1c0002,2
302f1d40-7d42-11eb-8fb5-0242ac1c0002,2
5c995172-7ed0-11eb-b7d6-0242ac1c0002,2
300fd08e-7d42-11eb-8fb5-0242ac1c0002,1
3004c9aa-7d42-11eb-8fb5-0242ac1c0002,3
302ec962-7d42-11eb-8fb5-0242ac1c0002,2
30153d08-7d42-11eb-8fb5-0242ac1c0002,3
30180484-7d42-11eb-8fb5-0242ac1c0002,1
2fffd850-7d42-11eb-8fb5-0242ac1c0002,3
982e79f0-21bc-11ea-a13a-137349068a90,1
9491996c-21bc-11ea-a13a-137349068a90,2
93ce8936-21bc-11ea-a13a-137349068a90,1
98a789d0-21bc-11ea-a13a-137349068a90,1
301cd072-7d42-11eb-8fb5-0242ac1c0002,3
30266d80-7d42-11eb-8fb5-0242ac1c0002,3
301540dc-7d42-11eb-8fb5-0242ac1c0002,1
300980f8-7d42-11eb-8fb5-0242ac1c0002,2
96eb86c8-21bc-11ea-a13a-137349068a90,1
8e4e8d3a-21bc-11ea-a13a-137349068a90,3
98aa0750-21bc-11ea-a13a-137349068a90,2
2ffd5030-7d42-11eb-8fb5-0242ac1c0002,3
8e9f121e-21bc-11ea-a13a-137349068a90,2
97b957b0-21bc-11ea-a13a-137349068a90,2
301260a6-7d42-11eb-8fb5-0242ac1c0002,1
302fb62e-7d42-11eb-8fb5-0242ac1c0002,3
30098080-7d42-11eb-8fb5-0242ac1c0002,2
8f6424a0-21bc-11ea-a13a-137349068a90,3
301222c6-7d42-11eb-8fb5-0242ac1c0002,2
9828ef80-21bc-11ea-a13a-137349068a90,1
902564e4-21bc-11ea-a13a-137349068a90,1
2ffe3e32-7d42-11eb-8fb5-0242ac1c0002,3
30074bb2-7d42-11eb-8fb5-0242ac1c0002,2
9451bacc-21bc-11ea-a13a-137349068a90,1
5c8e1d98-7ed0-11eb-b7d6-0242ac1c0002,1
3007e36a-7d42-11eb-8fb5-0242ac1c0002,2
91f7b86c-21bc-11ea-a13a-137349068a90,2
3017ee86-7d42-11eb-8fb5-0242ac1c0002,3
3004d7d8-7d42-11eb-8fb5-0242ac1c0002,2
302768b6-7d42-11eb-8fb5-0242ac1c0002,2
302ce188-7d42-11eb-8fb5-0242ac1c0002,1
5a22831e-7ed0-11eb-b7d6-0242ac1c0002,1
9896546c-21bc-11ea-a13a-137349068a90,2
300af37a-7d42-11eb-8fb5-0242ac1c0002,2
3009a51a-7d42-11eb-8fb5-0242ac1c0002,3
5c8e3c7e-7ed0-11eb-b7d6-0242ac1c0002,3
98f5e116-21bc-11ea-a13a-137349068a90,3
300088b8-7d42-11eb-8fb5-0242ac1c0002,2
5a29b6b6-7ed0-11eb-b7d6-0242ac1c0002,3
3023d0b6-7d42-11eb-8fb5-0242ac1c0002,3
97ce9e68-21bc-11ea-a13a-137349068a90,1
302bf296-7d42-11eb-8fb5-0242ac1c0002,2
93d64522-21bc-11ea-a13a-137349068a90,2
5c85e722-7ed0-11eb-b7d6-0242ac1c0002,2
30206890-7d42-11eb-8fb5-0242ac1c0002,2
5a270fb0-7ed0-11eb-b7d6-0242ac1c0002,3
300db60a-7d42-11eb-8fb5-0242ac1c0002,1
975d6a68-21bc-11ea-a13a-137349068a90,1
90d9c65a-21bc-11ea-a13a-137349068a90,1
30033720-7d42-11eb-8fb5-0242ac1c0002,3
5c8d65f6-7ed0-11eb-b7d6-0242ac1c0002,2
5c85f3a2-7ed0-11eb-b7d6-0242ac1c0002,3
5c9b9176-7ed0-11eb-b7d6-0242ac1c0002,1
300b5efa-7d42-11eb-8fb5-0242ac1c0002,1
30183134-7d42-11eb-8fb5-0242ac1c0002,2
3001778c-7d42-11eb-8fb5-0242ac1c0002,1
300fdf20-7d42-11eb-8fb5-0242ac1c0002,2
937c7fa6-21bc-11ea-a13a-137349068a90,1
965304ca-21bc-11ea-a13a-137349068a90,2
3011af4e-7d42-11eb-8fb5-0242ac1c0002,3
95a80f2a-21bc-11ea-a13a-137349068a90,1
300a6ea0-7d42-11eb-8fb5-0242ac1c0002,1
300c7772-7d42-11eb-8fb5-0242ac1c0002,1
5a30fe3a-7ed0-11eb-b7d6-0242ac1c0002,1
3028b0e0-7d42-11eb-8fb5-0242ac1c0002,3
9447e2ae-21bc-11ea-a13a-137349068a90,1
3015de5c-7d42-11eb-8fb5-0242ac1c0002,3
958bb258-21bc-11ea-a13a-137349068a90,2
5a1fd81c-7ed0-11eb-b7d6-0242ac1c0002,2
91660bb0-21bc-11ea-a13a-137349068a90,1
987bb5f8-21bc-11ea-a13a-137349068a90,1
300a2274-7d42-11eb-8fb5-0242ac1c0002,1
3024a9d2-7d42-11eb-8fb5-0242ac1c0002,2
97fce7a0-21bc-11ea-a13a-137349068a90,3
99183ff4-21bc-11ea-a13a-137349068a90,1
954146c8-21bc-11ea-a13a-137349068a90,2
938cb2a4-21bc-11ea-a13a-137349068a90,2
3004cba8-7d42-11eb-8fb5-0242ac1c0002,2
300b4e92-7d42-11eb-8fb5-0242ac1c0002,1
3009478c-7d42-11eb-8fb5-0242ac1c0002,2
5c9abbca-7ed0-11eb-b7d6-0242ac1c0002,2
2fff2f54-7d42-11eb-8fb5-0242ac1c0002,3
2ffefa3e-7d42-11eb-8fb5-0242ac1c0002,1
3011a210-7d42-11eb-8fb5-0242ac1c0002,2
8df1a624-21bc-11ea-a13a-137349068a90,3
301b8550-7d42-11eb-8fb5-0242ac1c0002,2
30106d96-7d42-11eb-8fb5-0242ac1c0002,1
30123f22-7d42-11eb-8fb5-0242ac1c0002,2
3010638c-7d42-11eb-8fb5-0242ac1c0002,1
30080bce-7d42-11eb-8fb5-0242ac1c0002,3
5a23c6c0-7ed0-11eb-b7d6-0242ac1c0002,1
302e40aa-7d42-11eb-8fb5-0242ac1c0002,3
30276370-7d42-11eb-8fb5-0242ac1c0002,3
8e243454-21bc-11ea-a13a-137349068a90,1
300a43a8-7d42-11eb-8fb5-0242ac1c0002,3
300b4e10-7d42-11eb-8fb5-0242ac1c0002,1
371a935c-7d2c-11eb-8fb5-0242ac1c0002,1
301dab8c-7d42-11eb-8fb5-0242ac1c0002,3
300b0fa4-7d42-11eb-8fb5-0242ac1c0002,1
96133732-21bc-11ea-a13a-137349068a90,2
5a221c08-7ed0-11eb-b7d6-0242ac1c0002,2
30184e08-7d42-11eb-8fb5-0242ac1c0002,1
98a06c2c-21bc-11ea-a13a-137349068a90,1
990c034c-21bc-11ea-a13a-137349068a90,3
3011aa3a-7d42-11eb-8fb5-0242ac1c0002,3
98f86fa8-21bc-11ea-a13a-137349068a90,2
3016d046-7d42-11eb-8fb5-0242ac1c0002,2
302434a2-7d42-11eb-8fb5-0242ac1c0002,3
991e0ec0-21bc-11ea-a13a-137349068a90,2
3019a442-7d42-11eb-8fb5-0242ac1c0002,1
300cba3e-7d42-11eb-8fb5-0242ac1c0002,3
300cab84-7d42-11eb-8fb5-0242ac1c0002,1
901f389e-21bc-11ea-a13a-137349068a90,1
958252d0-21bc-11ea-a13a-137349068a90,1
3015dccc-7d42-11eb-8fb5-0242ac1c0002,3
97c75658-21bc-11ea-a13a-137349068a90,1
9910a0d2-21bc-11ea-a13a-137349068a90,3
30094048-7d42-11eb-8fb5-0242ac1c0002,2
3007dad2-7d42-11eb-8fb5-0242ac1c0002,3
934332aa-21bc-11ea-a13a-137349068a90,1
5a233318-7ed0-11eb-b7d6-0242ac1c0002,3
300a9d08-7d42-11eb-8fb5-0242ac1c0002,1
98f87c82-21bc-11ea-a13a-137349068a90,1
985bf8bc-21bc-11ea-a13a-137349068a90,1
301970c6-7d42-11eb-8fb5-0242ac1c0002,1
3008dc0c-7d42-11eb-8fb5-0242ac1c0002,1
3013dea4-7d42-11eb-8fb5-0242ac1c0002,3
300e05ce-7d42-11eb-8fb5-0242ac1c0002,1
98c280be-21bc-11ea-a13a-137349068a90,1
96641fa8-21bc-11ea-a13a-137349068a90,1
5c8b994c-7ed0-11eb-b7d6-0242ac1c0002,1
5c8decd8-7ed0-11eb-b7d6-0242ac1c0002,2
8ff75c70-21bc-11ea-a13a-137349068a90,1
300e3a1c-7d42-11eb-8fb5-0242ac1c0002,2
99594134-21bc-11ea-a13a-137349068a90,1
30266376-7d42-11eb-8fb5-0242ac1c0002,3
3015d1dc-7d42-11eb-8fb5-0242ac1c0002,3
93171792-21bc-11ea-a13a-137349068a90,3
3011e5ae-7d42-11eb-8fb5-0242ac1c0002,2
5a2ff49a-7ed0-11eb-b7d6-0242ac1c0002,1
5c9003ec-7ed0-11eb-b7d6-0242ac1c0002,1
3013fe0c-7d42-11eb-8fb5-0242ac1c0002,3
92464590-21bc-11ea-a13a-137349068a90,2
3013abb4-7d42-11eb-8fb5-0242ac1c0002,2
975f874e-21bc-11ea-a13a-137349068a90,3
95807078-21bc-11ea-a13a-137349068a90,1
3012fea8-7d42-11eb-8fb5-0242ac1c0002,3
30039972-7d42-11eb-8fb5-0242ac1c0002,1
5a342a38-7ed0-11eb-b7d6-0242ac1c0002,2
3026041c-7d42-11eb-8fb5-0242ac1c0002,2
958dfb9e-21bc-11ea-a13a-137349068a90,2
301471f2-7d42-11eb-8fb5-0242ac1c0002,1
300e9156-7d42-11eb-8fb5-0242ac1c0002,3
94c88b98-21bc-11ea-a13a-137349068a90,1
3010efe6-7d42-11eb-8fb5-0242ac1c0002,2
961c3a80-21bc-11ea-a13a-137349068a90,3
301992b8-7d42-11eb-8fb5-0242ac1c0002,1
92f32d28-21bc-11ea-a13a-137349068a90,3
9730e4fc-21bc-11ea-a13a-137349068a90,2
5c857c56-7ed0-11eb-b7d6-0242ac1c0002,3
3001bd6e-7d42-11eb-8fb5-0242ac1c0002,1
9861382c-21bc-11ea-a13a-137349068a90,2
94c6e8c4-21bc-11ea-a13a-137349068a90,1
30298d8a-7d42-11eb-8fb5-0242ac1c0002,2
3019e420-7d42-11eb-8fb5-0242ac1c0002,1
3026c17c-7d42-11eb-8fb5-0242ac1c0002,3
8f63cfbe-21bc-11ea-a13a-137349068a90,3
3017c3e8-7d42-11eb-8fb5-0242ac1c0002,1
30227536-7d42-11eb-8fb5-0242ac1c0002,1
93c6e7f8-21bc-11ea-a13a-137349068a90,2
8dcdb61a-21bc-11ea-a13a-137349068a90,1
300e702c-7d42-11eb-8fb5-0242ac1c0002,3
5c8e7b44-7ed0-11eb-b7d6-0242ac1c0002,2
300a8804-7d42-11eb-8fb5-0242ac1c0002,3
5c9b0378-7ed0-11eb-b7d6-0242ac1c0002,3
989837dc-21bc-11ea-a13a-137349068a90,1
300b3d30-7d42-11eb-8fb5-0242ac1c0002,1
300790a4-7d42-11eb-8fb5-0242ac1c0002,1
300e99da-7d42-11eb-8fb5-0242ac1c0002,3
9894ed5c-21bc-11ea-a13a-137349068a90,3
3004af92-7d42-11eb-8fb5-0242ac1c0002,3
3002f378-7d42-11eb-8fb5-0242ac1c0002,3
5a28ef92-7ed0-11eb-b7d6-0242ac1c0002,1
98700794-21bc-11ea-a13a-137349068a90,3
94ffeeb2-21bc-11ea-a13a-137349068a90,1
9811ae06-21bc-11ea-a13a-137349068a90,2
2fff3b70-7d42-11eb-8fb5-0242ac1c0002,1
300e2e28-7d42-11eb-8fb5-0242ac1c0002,3
30199b96-7d42-11eb-8fb5-0242ac1c0002,2
9808d4c0-21bc-11ea-a13a-137349068a90,2
3015dfd8-7d42-11eb-8fb5-0242ac1c0002,3
30099caa-7d42-11eb-8fb5-0242ac1c0002,3
9341453a-21bc-11ea-a13a-137349068a90,2
300ec9fa-7d42-11eb-8fb5-0242ac1c0002,3
5a24a928-7ed0-11eb-b7d6-0242ac1c0002,3
98eeb59e-21bc-11ea-a13a-137349068a90,1
5c9d7db0-7ed0-11eb-b7d6-0242ac1c0002,1
93bd6d36-21bc-11ea-a13a-137349068a90,1
8ea382b8-21bc-11ea-a13a-137349068a90,1
300691fe-7d42-11eb-8fb5-0242ac1c0002,1
934e9dd4-21bc-11ea-a13a-137349068a90,2
5c8d2730-7ed0-11eb-b7d6-0242ac1c0002,3
30254afe-7d42-11eb-8fb5-0242ac1c0002,2
30033798-7d42-11eb-8fb5-0242ac1c0002,3
30110378-7d42-11eb-8fb5-0242ac1c0002,3
30110580-7d42-11eb-8fb5-0242ac1c0002,1
949690ca-21bc-11ea-a13a-137349068a90,3
301b7b6e-7d42-11eb-8fb5-0242ac1c0002,1
96749d92-21bc-11ea-a13a-137349068a90,2
5a25a38c-7ed0-11eb-b7d6-0242ac1c0002,1
30113438-7d42-11eb-8fb5-0242ac1c0002,1
9787acec-21bc-11ea-a13a-137349068a90,2
5a31d59e-7ed0-11eb-b7d6-0242ac1c0002,1
5a330a22-7ed0-11eb-b7d6-0242ac1c0002,3
982f6ca2-21bc-11ea-a13a-137349068a90,1
983818d4-21bc-11ea-a13a-137349068a90,3
956bcd6c-21bc-11ea-a13a-137349068a90,1
8f92846c-21bc-11ea-a13a-137349068a90,1
5c8da610-7ed0-11eb-b7d6-0242ac1c0002,3
300605b8-7d42-11eb-8fb5-0242ac1c0002,2
964f463c-21bc-11ea-a13a-137349068a90,3
99592078-21bc-11ea-a13a-137349068a90,2
30152cbe-7d42-11eb-8fb5-0242ac1c0002,3
5c957232-7ed0-11eb-b7d6-0242ac1c0002,2
300c9f40-7d42-11eb-8fb5-0242ac1c0002,1
3024da88-7d42-11eb-8fb5-0242ac1c0002,3
8f79d70a-21bc-11ea-a13a-137349068a90,1
5c965058-7ed0-11eb-b7d6-0242ac1c0002,2
3004bab4-7d42-11eb-8fb5-0242ac1c0002,2
300e420a-7d42-11eb-8fb5-0242ac1c0002,1
300a47ae-7d42-11eb-8fb5-0242ac1c0002,3
301ab3e6-7d42-11eb-8fb5-0242ac1c0002,3
3015e050-7d42-11eb-8fb5-0242ac1c0002,3
302416de-7d42-11eb-8fb5-0242ac1c0002,1
9648a67e-21bc-11ea-a13a-137349068a90,1
5c97f6d8-7ed0-11eb-b7d6-0242ac1c0002,3
302cac2c-7d42-11eb-8fb5-0242ac1c0002,2
3012fcaa-7d42-11eb-8fb5-0242ac1c0002,2
30191478-7d42-11eb-8fb5-0242ac1c0002,1
990aae48-21bc-11ea-a13a-137349068a90,1
5c8fd3c2-7ed0-11eb-b7d6-0242ac1c0002,3
301433cc-7d42-11eb-8fb5-0242ac1c0002,1
5c966a66-7ed0-11eb-b7d6-0242ac1c0002,2
3002eea0-7d42-11eb-8fb5-0242ac1c0002,3
30124256-7d42-11eb-8fb5-0242ac1c0002,3
300a4452-7d42-11eb-8fb5-0242ac1c0002,3
97364816-21bc-11ea-a13a-137349068a90,1
30020f94-7d42-11eb-8fb5-0242ac1c0002,2
5c8e502e-7ed0-11eb-b7d6-0242ac1c0002,3
949e5f08-21bc-11ea-a13a-137349068a90,3
9746a86e-21bc-11ea-a13a-137349068a90,1
97ccb01c-21bc-11ea-a13a-137349068a90,2
301d0eca-7d42-11eb-8fb5-0242ac1c0002,3
96d3b9e4-21bc-11ea-a13a-137349068a90,1
3017e602-7d42-11eb-8fb5-0242ac1c0002,3
30263720-7d42-11eb-8fb5-0242ac1c0002,3
8df3e510-21bc-11ea-a13a-137349068a90,1
5a331bc0-7ed0-11eb-b7d6-0242ac1c0002,1
300a413c-7d42-11eb-8fb5-0242ac1c0002,3
94e7df3e-21bc-11ea-a13a-137349068a90,1
9911b33c-21bc-11ea-a13a-137349068a90,2
96559b40-21bc-11ea-a13a-137349068a90,1
300b1594-7d42-11eb-8fb5-0242ac1c0002,1
3013ac2c-7d42-11eb-8fb5-0242ac1c0002,2
5c9424a4-7ed0-11eb-b7d6-0242ac1c0002,3
97a5e1a8-21bc-11ea-a13a-137349068a90,1
940e6ec0-21bc-11ea-a13a-137349068a90,2
5c93bd98-7ed0-11eb-b7d6-0242ac1c0002,1
93ed5ad2-21bc-11ea-a13a-137349068a90,1
3003f9f8-7d42-11eb-8fb5-0242ac1c0002,2
2ffdc8da-7d42-11eb-8fb5-0242ac1c0002,3
5c959672-7ed0-11eb-b7d6-0242ac1c0002,3
301512ce-7d42-11eb-8fb5-0242ac1c0002,1
301d0d62-7d42-11eb-8fb5-0242ac1c0002,3
96426890-21bc-11ea-a13a-137349068a90,1
98fbb668-21bc-11ea-a13a-137349068a90,1
985e2eb6-21bc-11ea-a13a-137349068a90,3
5c872538-7ed0-11eb-b7d6-0242ac1c0002,3
3004b00a-7d42-11eb-8fb5-0242ac1c0002,3
94024a6e-21bc-11ea-a13a-137349068a90,2
99122e16-21bc-11ea-a13a-137349068a90,1
948c3c6a-21bc-11ea-a13a-137349068a90,1
9576b1d2-21bc-11ea-a13a-137349068a90,2
91fc9828-21bc-11ea-a13a-137349068a90,2
99058eae-21bc-11ea-a13a-137349068a90,1
951ded90-21bc-11ea-a13a-137349068a90,2
300085a2-7d42-11eb-8fb5-0242ac1c0002,3
9339f5be-21bc-11ea-a13a-137349068a90,1
9372c13c-21bc-11ea-a13a-137349068a90,1
92d0366a-21bc-11ea-a13a-137349068a90,1
9658d508-21bc-11ea-a13a-137349068a90,2
97a0d47e-21bc-11ea-a13a-137349068a90,3
5a21a20a-7ed0-11eb-b7d6-0242ac1c0002,2
3012ff34-7d42-11eb-8fb5-0242ac1c0002,3
5c856004-7ed0-11eb-b7d6-0242ac1c0002,1
300224e8-7d42-11eb-8fb5-0242ac1c0002,1
30058d18-7d42-11eb-8fb5-0242ac1c0002,3
98d2d036-21bc-11ea-a13a-137349068a90,1
3021fa98-7d42-11eb-8fb5-0242ac1c0002,2
958f96fc-21bc-11ea-a13a-137349068a90,2
98f043fa-21bc-11ea-a13a-137349068a90,1
95df404e-21bc-11ea-a13a-137349068a90,1
935c1572-21bc-11ea-a13a-137349068a90,1
3008ac00-7d42-11eb-8fb5-0242ac1c0002,2
98b560f0-21bc-11ea-a13a-137349068a90,3
37320118-7d2c-11eb-8fb5-0242ac1c0002,1
3015dede-7d42-11eb-8fb5-0242ac1c0002,3
30194736-7d42-11eb-8fb5-0242ac1c0002,2
97174812-21bc-11ea-a13a-137349068a90,3
300af26c-7d42-11eb-8fb5-0242ac1c0002,3
5a37576c-7ed0-11eb-b7d6-0242ac1c0002,2
3001f9e6-7d42-11eb-8fb5-0242ac1c0002,2
9593c448-21bc-11ea-a13a-137349068a90,2
975dca58-21bc-11ea-a13a-137349068a90,2
96504f1e-21bc-11ea-a13a-137349068a90,2
3006877c-7d42-11eb-8fb5-0242ac1c0002,2
98b93f5e-21bc-11ea-a13a-137349068a90,1
300af2ee-7d42-11eb-8fb5-0242ac1c0002,3
301638de-7d42-11eb-8fb5-0242ac1c0002,1
3009c20c-7d42-11eb-8fb5-0242ac1c0002,2
302715be-7d42-11eb-8fb5-0242ac1c0002,3
2ffede00-7d42-11eb-8fb5-0242ac1c0002,2
3001770a-7d42-11eb-8fb5-0242ac1c0002,3
912e6480-21bc-11ea-a13a-137349068a90,1
976e5cba-21bc-11ea-a13a-137349068a90,3
960879f0-21bc-11ea-a13a-137349068a90,1
98ba46f6-21bc-11ea-a13a-137349068a90,1
302e58b0-7d42-11eb-8fb5-0242ac1c0002,1
5c97da90-7ed0-11eb-b7d6-0242ac1c0002,3
97292492-21bc-11ea-a13a-137349068a90,2
9519712a-21bc-11ea-a13a-137349068a90,1
5c8d7c1c-7ed0-11eb-b7d6-0242ac1c0002,3
302ec9f8-7d42-11eb-8fb5-0242ac1c0002,3
9951d55c-21bc-11ea-a13a-137349068a90,1
979db28a-21bc-11ea-a13a-137349068a90,2
5c94e3a8-7ed0-11eb-b7d6-0242ac1c0002,3
2ffdb5e8-7d42-11eb-8fb5-0242ac1c0002,3
301241de-7d42-11eb-8fb5-0242ac1c0002,1
94de0f40-21bc-11ea-a13a-137349068a90,2
97395b8c-21bc-11ea-a13a-137349068a90,2
98b161b2-21bc-11ea-a13a-137349068a90,1
97523bd4-21bc-11ea-a13a-137349068a90,2
90b255b6-21bc-11ea-a13a-137349068a90,1
301e4272-7d42-11eb-8fb5-0242ac1c0002,2
3015b986-7d42-11eb-8fb5-0242ac1c0002,3
904a87a6-21bc-11ea-a13a-137349068a90,1
9224f76e-21bc-11ea-a13a-137349068a90,1
5a2a9cac-7ed0-11eb-b7d6-0242ac1c0002,1
3002d30c-7d42-11eb-8fb5-0242ac1c0002,3
9804e3c4-21bc-11ea-a13a-137349068a90,3
8b5cd1d6-21bc-11ea-a13a-137349068a90,3
3013df1c-7d42-11eb-8fb5-0242ac1c0002,3
941cfec2-21bc-11ea-a13a-137349068a90,1
961ac0a6-21bc-11ea-a13a-137349068a90,3
93adcd0e-21bc-11ea-a13a-137349068a90,1
975539c4-21bc-11ea-a13a-137349068a90,2
5c88aaa2-7ed0-11eb-b7d6-0242ac1c0002,2
5a2f063e-7ed0-11eb-b7d6-0242ac1c0002,1
301b84d8-7d42-11eb-8fb5-0242ac1c0002,2
92a81eb4-21bc-11ea-a13a-137349068a90,3
98a178ec-21bc-11ea-a13a-137349068a90,1
993bf598-21bc-11ea-a13a-137349068a90,2
9518e782-21bc-11ea-a13a-137349068a90,1
99382b8e-21bc-11ea-a13a-137349068a90,3
8f52784a-21bc-11ea-a13a-137349068a90,3
9172627a-21bc-11ea-a13a-137349068a90,1
964aaaa0-21bc-11ea-a13a-137349068a90,1
96488446-21bc-11ea-a13a-137349068a90,2
9680f7fe-21bc-11ea-a13a-137349068a90,2
8f711d2c-21bc-11ea-a13a-137349068a90,1
8e6362b4-21bc-11ea-a13a-137349068a90,1
98ff091c-21bc-11ea-a13a-137349068a90,3
96b01b1a-21bc-11ea-a13a-137349068a90,1
90357fa0-21bc-11ea-a13a-137349068a90,1
9509123a-21bc-11ea-a13a-137349068a90,1
9425e460-21bc-11ea-a13a-137349068a90,2
92f8e330-21bc-11ea-a13a-137349068a90,1
5c94e632-7ed0-11eb-b7d6-0242ac1c0002,2
8e7ffba4-21bc-11ea-a13a-137349068a90,1
97bcb7e8-21bc-11ea-a13a-137349068a90,2
990d3fa0-21bc-11ea-a13a-137349068a90,1
98d72fbe-21bc-11ea-a13a-137349068a90,1
302b468e-7d42-11eb-8fb5-0242ac1c0002,3
9552b3cc-21bc-11ea-a13a-137349068a90,1
95ac6b88-21bc-11ea-a13a-137349068a90,1
300a236e-7d42-11eb-8fb5-0242ac1c0002,1
8f6a9e66-21bc-11ea-a13a-137349068a90,2
95988abe-21bc-11ea-a13a-137349068a90,3
8ed5fe46-21bc-11ea-a13a-137349068a90,1
3015dd58-7d42-11eb-8fb5-0242ac1c0002,3
99330a50-21bc-11ea-a13a-137349068a90,3
95c108f4-21bc-11ea-a13a-137349068a90,3
90e3e27a-21bc-11ea-a13a-137349068a90,1
9212fff0-21bc-11ea-a13a-137349068a90,1
93e3e4c0-21bc-11ea-a13a-137349068a90,2
9197ce52-21bc-11ea-a13a-137349068a90,1
5a2754d4-7ed0-11eb-b7d6-0242ac1c0002,1
5c9a49ec-7ed0-11eb-b7d6-0242ac1c0002,1
96c76068-21bc-11ea-a13a-137349068a90,1
960de2dc-21bc-11ea-a13a-137349068a90,2
3001787c-7d42-11eb-8fb5-0242ac1c0002,1
98137628-21bc-11ea-a13a-137349068a90,1
97cf4b74-21bc-11ea-a13a-137349068a90,1
5c947058-7ed0-11eb-b7d6-0242ac1c0002,3
5a36f074-7ed0-11eb-b7d6-0242ac1c0002,1
30132c2a-7d42-11eb-8fb5-0242ac1c0002,2
9959ba56-21bc-11ea-a13a-137349068a90,1
8bb1102a-21bc-11ea-a13a-137349068a90,1
9322e4a0-21bc-11ea-a13a-137349068a90,3
9811938a-21bc-11ea-a13a-137349068a90,1
91f83b66-21bc-11ea-a13a-137349068a90,1
3013dd78-7d42-11eb-8fb5-0242ac1c0002,2
30045d1c-7d42-11eb-8fb5-0242ac1c0002,1
95314b10-21bc-11ea-a13a-137349068a90,2
940ed658-21bc-11ea-a13a-137349068a90,3
5a3a4b2a-7ed0-11eb-b7d6-0242ac1c0002,3
91b2f56a-21bc-11ea-a13a-137349068a90,3
2ffd61f6-7d42-11eb-8fb5-0242ac1c0002,5
2ffd63ea-7d42-11eb-8fb5-0242ac1c0002,5
2ffd65ca-7d42-11eb-8fb5-0242ac1c0002,4
2ffdad82-7d42-11eb-8fb5-0242ac1c0002,4
2ffdb570-7d42-11eb-8fb5-0242ac1c0002,7
2ffdc952-7d42-11eb-8fb5-0242ac1c0002,4
2ffdef0e-7d42-11eb-8fb5-0242ac1c0002,6
2ffe2442-7d42-11eb-8fb5-0242ac1c0002,8
2ffe331a-7d42-11eb-8fb5-0242ac1c0002,5
2ffe3f22-7d42-11eb-8fb5-0242ac1c0002,4
2ffe7000-7d42-11eb-8fb5-0242ac1c0002,5
2ffe71fe-7d42-11eb-8fb5-0242ac1c0002,6
2ffe7280-7d42-11eb-8fb5-0242ac1c0002,5
2ffe72f8-7d42-11eb-8fb5-0242ac1c0002,4
2ffe7370-7d42-11eb-8fb5-0242ac1c0002,4
2ffe9666-7d42-11eb-8fb5-0242ac1c0002,6
2ffe974c-7d42-11eb-8fb5-0242ac1c0002,6
2ffe980a-7d42-11eb-8fb5-0242ac1c0002,4
2ffefd04-7d42-11eb-8fb5-0242ac1c0002,5
2ffefd86-7d42-11eb-8fb5-0242ac1c0002,4
2fff097a-7d42-11eb-8fb5-0242ac1c0002,5
2fff09f2-7d42-11eb-8fb5-0242ac1c0002,5
2fff2edc-7d42-11eb-8fb5-0242ac1c0002,5
2fff6c08-7d42-11eb-8fb5-0242ac1c0002,6
2fff77b6-7d42-11eb-8fb5-0242ac1c0002,5
2fff78e2-7d42-11eb-8fb5-0242ac1c0002,4
2fff7bb2-7d42-11eb-8fb5-0242ac1c0002,4
2fff7cde-7d42-11eb-8fb5-0242ac1c0002,4
2fff7d6a-7d42-11eb-8fb5-0242ac1c0002,4
2fff7df6-7d42-11eb-8fb5-0242ac1c0002,4
2fff7e82-7d42-11eb-8fb5-0242ac1c0002,5
2fff7f0e-7d42-11eb-8fb5-0242ac1c0002,5
2fff7f9a-7d42-11eb-8fb5-0242ac1c0002,5
2fff8026-7d42-11eb-8fb5-0242ac1c0002,4
2fff8152-7d42-11eb-8fb5-0242ac1c0002,6
2fff8288-7d42-11eb-8fb5-0242ac1c0002,4
2fff8314-7d42-11eb-8fb5-0242ac1c0002,5
2fffd562-7d42-11eb-8fb5-0242ac1c0002,4
2fffd8c8-7d42-11eb-8fb5-0242ac1c0002,5
2fffd968-7d42-11eb-8fb5-0242ac1c0002,5
2fffda58-7d42-11eb-8fb5-0242ac1c0002,6
2fffdaf8-7d42-11eb-8fb5-0242ac1c0002,6
30004312-7d42-11eb-8fb5-0242ac1c0002,4
3000439e-7d42-11eb-8fb5-0242ac1c0002,4
30004c68-7d42-11eb-8fb5-0242ac1c0002,6
30005c44-7d42-11eb-8fb5-0242ac1c0002,5
30007990-7d42-11eb-8fb5-0242ac1c0002,7
300086b0-7d42-11eb-8fb5-0242ac1c0002,4
3000ec40-7d42-11eb-8fb5-0242ac1c0002,7
3000ecc2-7d42-11eb-8fb5-0242ac1c0002,4
3000ed3a-7d42-11eb-8fb5-0242ac1c0002,6
3000fa46-7d42-11eb-8fb5-0242ac1c0002,4
30011d28-7d42-11eb-8fb5-0242ac1c0002,5
300126a6-7d42-11eb-8fb5-0242ac1c0002,5
30017804-7d42-11eb-8fb5-0242ac1c0002,4
3001af68-7d42-11eb-8fb5-0242ac1c0002,5
3001b6ac-7d42-11eb-8fb5-0242ac1c0002,5
3001ba76-7d42-11eb-8fb5-0242ac1c0002,4
3001ca66-7d42-11eb-8fb5-0242ac1c0002,4
3001cf2a-7d42-11eb-8fb5-0242ac1c0002,5
3001d222-7d42-11eb-8fb5-0242ac1c0002,4
3001f54a-7d42-11eb-8fb5-0242ac1c0002,6
30020ea4-7d42-11eb-8fb5-0242ac1c0002,4
30020f1c-7d42-11eb-8fb5-0242ac1c0002,5
30021610-7d42-11eb-8fb5-0242ac1c0002,4
30025be8-7d42-11eb-8fb5-0242ac1c0002,6
3002a6fc-7d42-11eb-8fb5-0242ac1c0002,4
3002b480-7d42-11eb-8fb5-0242ac1c0002,7
3002cdb2-7d42-11eb-8fb5-0242ac1c0002,4
3002d294-7d42-11eb-8fb5-0242ac1c0002,4
3002d5c8-7d42-11eb-8fb5-0242ac1c0002,4
3003fa7a-7d42-11eb-8fb5-0242ac1c0002,5
300486a2-7d42-11eb-8fb5-0242ac1c0002,5
3004886e-7d42-11eb-8fb5-0242ac1c0002,5
3004c932-7d42-11eb-8fb5-0242ac1c0002,4
3004ca2c-7d42-11eb-8fb5-0242ac1c0002,4
3004eff2-7d42-11eb-8fb5-0242ac1c0002,4
30053b7e-7d42-11eb-8fb5-0242ac1c0002,4
3005a1d6-7d42-11eb-8fb5-0242ac1c0002,4
3005a474-7d42-11eb-8fb5-0242ac1c0002,4
30076110-7d42-11eb-8fb5-0242ac1c0002,4
3007da50-7d42-11eb-8fb5-0242ac1c0002,4
3007dbcc-7d42-11eb-8fb5-0242ac1c0002,4
3007dc44-7d42-11eb-8fb5-0242ac1c0002,4
3008215e-7d42-11eb-8fb5-0242ac1c0002,4
300a18e2-7d42-11eb-8fb5-0242ac1c0002,4
300a1978-7d42-11eb-8fb5-0242ac1c0002,4
300a19fa-7d42-11eb-8fb5-0242ac1c0002,4
300a1a86-7d42-11eb-8fb5-0242ac1c0002,4
300a1afe-7d42-11eb-8fb5-0242ac1c0002,4
300a3f84-7d42-11eb-8fb5-0242ac1c0002,4
300a41d2-7d42-11eb-8fb5-0242ac1c0002,4
300a4844-7d42-11eb-8fb5-0242ac1c0002,4
300a48f8-7d42-11eb-8fb5-0242ac1c0002,4
300a4984-7d42-11eb-8fb5-0242ac1c0002,4
300ad67e-7d42-11eb-8fb5-0242ac1c0002,4
300ae074-7d42-11eb-8fb5-0242ac1c0002,6
300ae178-7d42-11eb-8fb5-0242ac1c0002,4
300ae2ea-7d42-11eb-8fb5-0242ac1c0002,4
300afc26-7d42-11eb-8fb5-0242ac1c0002,4
300ba69e-7d42-11eb-8fb5-0242ac1c0002,4
300ba7a2-7d42-11eb-8fb5-0242ac1c0002,4
300ba82e-7d42-11eb-8fb5-0242ac1c0002,5
300ba8b0-7d42-11eb-8fb5-0242ac1c0002,4
300cc5ce-7d42-11eb-8fb5-0242ac1c0002,4
300d2f3c-7d42-11eb-8fb5-0242ac1c0002,4
300d2fb4-7d42-11eb-8fb5-0242ac1c0002,5
300d3036-7d42-11eb-8fb5-0242ac1c0002,4
300d30ae-7d42-11eb-8fb5-0242ac1c0002,5
300d406c-7d42-11eb-8fb5-0242ac1c0002,5
300d41c0-7d42-11eb-8fb5-0242ac1c0002,7
300d42d8-7d42-11eb-8fb5-0242ac1c0002,7
300d43e6-7d42-11eb-8fb5-0242ac1c0002,6
300d4468-7d42-11eb-8fb5-0242ac1c0002,6
300d44e0-7d42-11eb-8fb5-0242ac1c0002,5
300d4558-7d42-11eb-8fb5-0242ac1c0002,5
300d4832-7d42-11eb-8fb5-0242ac1c0002,4
300d48aa-7d42-11eb-8fb5-0242ac1c0002,5
300d57e6-7d42-11eb-8fb5-0242ac1c0002,5
300d647a-7d42-11eb-8fb5-0242ac1c0002,4
300d64f2-7d42-11eb-8fb5-0242ac1c0002,5
300d656a-7d42-11eb-8fb5-0242ac1c0002,4
300d71e0-7d42-11eb-8fb5-0242ac1c0002,4
300dcb0e-7d42-11eb-8fb5-0242ac1c0002,4
300e2a4a-7d42-11eb-8fb5-0242ac1c0002,5
300e3148-7d42-11eb-8fb5-0242ac1c0002,4
300e322e-7d42-11eb-8fb5-0242ac1c0002,4
300e3332-7d42-11eb-8fb5-0242ac1c0002,4
300e33aa-7d42-11eb-8fb5-0242ac1c0002,4
300e7e46-7d42-11eb-8fb5-0242ac1c0002,4
300eaf10-7d42-11eb-8fb5-0242ac1c0002,4
300fc9cc-7d42-11eb-8fb5-0242ac1c0002,6
30112b64-7d42-11eb-8fb5-0242ac1c0002,4
30112bf0-7d42-11eb-8fb5-0242ac1c0002,5
3011aaee-7d42-11eb-8fb5-0242ac1c0002,5
3011ac38-7d42-11eb-8fb5-0242ac1c0002,4
3012534a-7d42-11eb-8fb5-0242ac1c0002,4
301255c0-7d42-11eb-8fb5-0242ac1c0002,4
30125ab6-7d42-11eb-8fb5-0242ac1c0002,4
3012636c-7d42-11eb-8fb5-0242ac1c0002,5
30130038-7d42-11eb-8fb5-0242ac1c0002,4
3013886e-7d42-11eb-8fb5-0242ac1c0002,5
301388f0-7d42-11eb-8fb5-0242ac1c0002,4
30138972-7d42-11eb-8fb5-0242ac1c0002,5
301389f4-7d42-11eb-8fb5-0242ac1c0002,5
30138a6c-7d42-11eb-8fb5-0242ac1c0002,5
30138ae4-7d42-11eb-8fb5-0242ac1c0002,5
30138b5c-7d42-11eb-8fb5-0242ac1c0002,5
30138bde-7d42-11eb-8fb5-0242ac1c0002,5
301394b2-7d42-11eb-8fb5-0242ac1c0002,6
3013fd08-7d42-11eb-8fb5-0242ac1c0002,5
3013fd80-7d42-11eb-8fb5-0242ac1c0002,5
3014ff96-7d42-11eb-8fb5-0242ac1c0002,6
301517ba-7d42-11eb-8fb5-0242ac1c0002,4
3015183c-7d42-11eb-8fb5-0242ac1c0002,5
301518c8-7d42-11eb-8fb5-0242ac1c0002,4
30151954-7d42-11eb-8fb5-0242ac1c0002,6
30151a62-7d42-11eb-8fb5-0242ac1c0002,6
301520c0-7d42-11eb-8fb5-0242ac1c0002,4
30152322-7d42-11eb-8fb5-0242ac1c0002,5
30152d40-7d42-11eb-8fb5-0242ac1c0002,5
30152e3a-7d42-11eb-8fb5-0242ac1c0002,6
30152fa2-7d42-11eb-8fb5-0242ac1c0002,5
3015301a-7d42-11eb-8fb5-0242ac1c0002,4
30153ee8-7d42-11eb-8fb5-0242ac1c0002,5
3015b710-7d42-11eb-8fb5-0242ac1c0002,4
3015b90e-7d42-11eb-8fb5-0242ac1c0002,4
3015b9fe-7d42-11eb-8fb5-0242ac1c0002,5
3015ba76-7d42-11eb-8fb5-0242ac1c0002,4
3015cf5c-7d42-11eb-8fb5-0242ac1c0002,4
3015ddda-7d42-11eb-8fb5-0242ac1c0002,4
3015ea50-7d42-11eb-8fb5-0242ac1c0002,4
3016be12-7d42-11eb-8fb5-0242ac1c0002,4
3016be8a-7d42-11eb-8fb5-0242ac1c0002,4
3016bf02-7d42-11eb-8fb5-0242ac1c0002,5
3016bf84-7d42-11eb-8fb5-0242ac1c0002,5
3016c07e-7d42-11eb-8fb5-0242ac1c0002,5
3016c10a-7d42-11eb-8fb5-0242ac1c0002,5
3017bf06-7d42-11eb-8fb5-0242ac1c0002,5
3017c366-7d42-11eb-8fb5-0242ac1c0002,4
3017e3f0-7d42-11eb-8fb5-0242ac1c0002,4
3017e468-7d42-11eb-8fb5-0242ac1c0002,4
3017e68e-7d42-11eb-8fb5-0242ac1c0002,4
3017ea26-7d42-11eb-8fb5-0242ac1c0002,4
30180b8c-7d42-11eb-8fb5-0242ac1c0002,4
30183486-7d42-11eb-8fb5-0242ac1c0002,5
301834f4-7d42-11eb-8fb5-0242ac1c0002,4
3019a122-7d42-11eb-8fb5-0242ac1c0002,4
3019a1c2-7d42-11eb-8fb5-0242ac1c0002,5
3019a23a-7d42-11eb-8fb5-0242ac1c0002,5
3019a2bc-7d42-11eb-8fb5-0242ac1c0002,4
3019e9f2-7d42-11eb-8fb5-0242ac1c0002,4
3019f94c-7d42-11eb-8fb5-0242ac1c0002,5
3019fa50-7d42-11eb-8fb5-0242ac1c0002,4
3019fac8-7d42-11eb-8fb5-0242ac1c0002,4
3019fb40-7d42-11eb-8fb5-0242ac1c0002,4
3019fbb8-7d42-11eb-8fb5-0242ac1c0002,5
3019fc30-7d42-11eb-8fb5-0242ac1c0002,4
301a6b98-7d42-11eb-8fb5-0242ac1c0002,7
301a6cce-7d42-11eb-8fb5-0242ac1c0002,8
301a6d46-7d42-11eb-8fb5-0242ac1c0002,8
301a6dbe-7d42-11eb-8fb5-0242ac1c0002,5
301c6c5e-7d42-11eb-8fb5-0242ac1c0002,4
301c6cd6-7d42-11eb-8fb5-0242ac1c0002,4
301cb59c-7d42-11eb-8fb5-0242ac1c0002,4
301cd23e-7d42-11eb-8fb5-0242ac1c0002,4
301cd2de-7d42-11eb-8fb5-0242ac1c0002,4
301cd36a-7d42-11eb-8fb5-0242ac1c0002,4
301cd3e2-7d42-11eb-8fb5-0242ac1c0002,4
301cd464-7d42-11eb-8fb5-0242ac1c0002,4
301ced5a-7d42-11eb-8fb5-0242ac1c0002,5
301cede6-7d42-11eb-8fb5-0242ac1c0002,4
301cef80-7d42-11eb-8fb5-0242ac1c0002,5
301cf110-7d42-11eb-8fb5-0242ac1c0002,4
301cf188-7d42-11eb-8fb5-0242ac1c0002,5
301d0dda-7d42-11eb-8fb5-0242ac1c0002,4
301d0e52-7d42-11eb-8fb5-0242ac1c0002,4
301d266c-7d42-11eb-8fb5-0242ac1c0002,6
301d2716-7d42-11eb-8fb5-0242ac1c0002,6
301d27de-7d42-11eb-8fb5-0242ac1c0002,7
301da7ae-7d42-11eb-8fb5-0242ac1c0002,5
301da830-7d42-11eb-8fb5-0242ac1c0002,5
301da8a8-7d42-11eb-8fb5-0242ac1c0002,6
301daa92-7d42-11eb-8fb5-0242ac1c0002,5
301e06d6-7d42-11eb-8fb5-0242ac1c0002,4
301e2e4a-7d42-11eb-8fb5-0242ac1c0002,8
301e3b56-7d42-11eb-8fb5-0242ac1c0002,5
301eccd8-7d42-11eb-8fb5-0242ac1c0002,6
301ecec2-7d42-11eb-8fb5-0242ac1c0002,6
301ecf44-7d42-11eb-8fb5-0242ac1c0002,6
301f7908-7d42-11eb-8fb5-0242ac1c0002,4
301f7be2-7d42-11eb-8fb5-0242ac1c0002,4
301f7da4-7d42-11eb-8fb5-0242ac1c0002,4
301f94f6-7d42-11eb-8fb5-0242ac1c0002,4
301f9834-7d42-11eb-8fb5-0242ac1c0002,4
301f9910-7d42-11eb-8fb5-0242ac1c0002,5
301f9ac8-7d42-11eb-8fb5-0242ac1c0002,4
301f9ba4-7d42-11eb-8fb5-0242ac1c0002,4
301fc94e-7d42-11eb-8fb5-0242ac1c0002,4
302092de-7d42-11eb-8fb5-0242ac1c0002,4
3020e586-7d42-11eb-8fb5-0242ac1c0002,6
3020e658-7d42-11eb-8fb5-0242ac1c0002,4
3020e734-7d42-11eb-8fb5-0242ac1c0002,5
3020e8ce-7d42-11eb-8fb5-0242ac1c0002,4
3020e996-7d42-11eb-8fb5-0242ac1c0002,4
302108cc-7d42-11eb-8fb5-0242ac1c0002,6
30210d5e-7d42-11eb-8fb5-0242ac1c0002,4
30213842-7d42-11eb-8fb5-0242ac1c0002,8
30215ef8-7d42-11eb-8fb5-0242ac1c0002,7
30215fca-7d42-11eb-8fb5-0242ac1c0002,7
30219a1c-7d42-11eb-8fb5-0242ac1c0002,8
3021a462-7d42-11eb-8fb5-0242ac1c0002,7
3021a548-7d42-11eb-8fb5-0242ac1c0002,8
3021de28-7d42-11eb-8fb5-0242ac1c0002,8
3021e31e-7d42-11eb-8fb5-0242ac1c0002,6
3021e634-7d42-11eb-8fb5-0242ac1c0002,5
3021fc1e-7d42-11eb-8fb5-0242ac1c0002,5
30223de6-7d42-11eb-8fb5-0242ac1c0002,5
30223fd0-7d42-11eb-8fb5-0242ac1c0002,4
30225ce0-7d42-11eb-8fb5-0242ac1c0002,6
3022743c-7d42-11eb-8fb5-0242ac1c0002,5
30228986-7d42-11eb-8fb5-0242ac1c0002,7
30228bfc-7d42-11eb-8fb5-0242ac1c0002,5
30229c1e-7d42-11eb-8fb5-0242ac1c0002,4
3022a83a-7d42-11eb-8fb5-0242ac1c0002,5
3022a8bc-7d42-11eb-8fb5-0242ac1c0002,5
3022cc66-7d42-11eb-8fb5-0242ac1c0002,6
3022dd6e-7d42-11eb-8fb5-0242ac1c0002,5
3022e7fa-7d42-11eb-8fb5-0242ac1c0002,7
302309ba-7d42-11eb-8fb5-0242ac1c0002,4
30230a32-7d42-11eb-8fb5-0242ac1c0002,5
30231d74-7d42-11eb-8fb5-0242ac1c0002,5
30239420-7d42-11eb-8fb5-0242ac1c0002,5
3023ac30-7d42-11eb-8fb5-0242ac1c0002,5
3023aeb0-7d42-11eb-8fb5-0242ac1c0002,6
3023cfc6-7d42-11eb-8fb5-0242ac1c0002,4
3023d03e-7d42-11eb-8fb5-0242ac1c0002,5
30241b34-7d42-11eb-8fb5-0242ac1c0002,6
30241bac-7d42-11eb-8fb5-0242ac1c0002,6
30244f0a-7d42-11eb-8fb5-0242ac1c0002,4
30244fa0-7d42-11eb-8fb5-0242ac1c0002,5
30246242-7d42-11eb-8fb5-0242ac1c0002,5
3024b148-7d42-11eb-8fb5-0242ac1c0002,4
3024b1d4-7d42-11eb-8fb5-0242ac1c0002,4
3024cdae-7d42-11eb-8fb5-0242ac1c0002,5
3024da10-7d42-11eb-8fb5-0242ac1c0002,4
302500f8-7d42-11eb-8fb5-0242ac1c0002,4
302511a6-7d42-11eb-8fb5-0242ac1c0002,5
30251282-7d42-11eb-8fb5-0242ac1c0002,4
3025667e-7d42-11eb-8fb5-0242ac1c0002,4
3025670a-7d42-11eb-8fb5-0242ac1c0002,6
30256782-7d42-11eb-8fb5-0242ac1c0002,5
30256804-7d42-11eb-8fb5-0242ac1c0002,5
30259f36-7d42-11eb-8fb5-0242ac1c0002,4
30259fae-7d42-11eb-8fb5-0242ac1c0002,4
30260304-7d42-11eb-8fb5-0242ac1c0002,6
30260390-7d42-11eb-8fb5-0242ac1c0002,5
302632b6-7d42-11eb-8fb5-0242ac1c0002,6
30263342-7d42-11eb-8fb5-0242ac1c0002,7
302633ba-7d42-11eb-8fb5-0242ac1c0002,7
3026343c-7d42-11eb-8fb5-0242ac1c0002,7
302634c8-7d42-11eb-8fb5-0242ac1c0002,4
30263540-7d42-11eb-8fb5-0242ac1c0002,4
302662ea-7d42-11eb-8fb5-0242ac1c0002,4
30266cf4-7d42-11eb-8fb5-0242ac1c0002,4
30268784-7d42-11eb-8fb5-0242ac1c0002,6
3026d220-7d42-11eb-8fb5-0242ac1c0002,7
3026d73e-7d42-11eb-8fb5-0242ac1c0002,4
302705f6-7d42-11eb-8fb5-0242ac1c0002,6
302706e6-7d42-11eb-8fb5-0242ac1c0002,4
30270ed4-7d42-11eb-8fb5-0242ac1c0002,5
302728ec-7d42-11eb-8fb5-0242ac1c0002,8
30272964-7d42-11eb-8fb5-0242ac1c0002,5
30278d0a-7d42-11eb-8fb5-0242ac1c0002,5
3027ae98-7d42-11eb-8fb5-0242ac1c0002,4
3027af1a-7d42-11eb-8fb5-0242ac1c0002,5
3027af92-7d42-11eb-8fb5-0242ac1c0002,8
3027b014-7d42-11eb-8fb5-0242ac1c0002,7
3027db48-7d42-11eb-8fb5-0242ac1c0002,6
3027dbc0-7d42-11eb-8fb5-0242ac1c0002,5
3027dc38-7d42-11eb-8fb5-0242ac1c0002,5
3027fe98-7d42-11eb-8fb5-0242ac1c0002,4
302807f8-7d42-11eb-8fb5-0242ac1c0002,5
30281414-7d42-11eb-8fb5-0242ac1c0002,4
30281496-7d42-11eb-8fb5-0242ac1c0002,4
30281a5e-7d42-11eb-8fb5-0242ac1c0002,4
30281b4e-7d42-11eb-8fb5-0242ac1c0002,4
30289e20-7d42-11eb-8fb5-0242ac1c0002,5
3029138c-7d42-11eb-8fb5-0242ac1c0002,4
3029140e-7d42-11eb-8fb5-0242ac1c0002,6
30291490-7d42-11eb-8fb5-0242ac1c0002,4
30293d6c-7d42-11eb-8fb5-0242ac1c0002,5
30293dee-7d42-11eb-8fb5-0242ac1c0002,5
30294f50-7d42-11eb-8fb5-0242ac1c0002,5
30295bb2-7d42-11eb-8fb5-0242ac1c0002,4
30295c34-7d42-11eb-8fb5-0242ac1c0002,5
30295cb6-7d42-11eb-8fb5-0242ac1c0002,4
3029660c-7d42-11eb-8fb5-0242ac1c0002,5
3029dad8-7d42-11eb-8fb5-0242ac1c0002,4
3029e30c-7d42-11eb-8fb5-0242ac1c0002,5
3029e3a2-7d42-11eb-8fb5-0242ac1c0002,4
3029e42e-7d42-11eb-8fb5-0242ac1c0002,5
3029e528-7d42-11eb-8fb5-0242ac1c0002,8
3029e62c-7d42-11eb-8fb5-0242ac1c0002,7
302a254c-7d42-11eb-8fb5-0242ac1c0002,6
302a5594-7d42-11eb-8fb5-0242ac1c0002,5
302a77ae-7d42-11eb-8fb5-0242ac1c0002,5
302a783a-7d42-11eb-8fb5-0242ac1c0002,5
302b0f16-7d42-11eb-8fb5-0242ac1c0002,4
302b1902-7d42-11eb-8fb5-0242ac1c0002,4
302b2d3e-7d42-11eb-8fb5-0242ac1c0002,4
302b381a-7d42-11eb-8fb5-0242ac1c0002,4
302b4800-7d42-11eb-8fb5-0242ac1c0002,7
302b5f3e-7d42-11eb-8fb5-0242ac1c0002,5
302b6038-7d42-11eb-8fb5-0242ac1c0002,6
302b60d8-7d42-11eb-8fb5-0242ac1c0002,6
302b6150-7d42-11eb-8fb5-0242ac1c0002,6
302b61fa-7d42-11eb-8fb5-0242ac1c0002,6
302b627c-7d42-11eb-8fb5-0242ac1c0002,6
302b62f4-7d42-11eb-8fb5-0242ac1c0002,6
302b6376-7d42-11eb-8fb5-0242ac1c0002,6
302bb510-7d42-11eb-8fb5-0242ac1c0002,6
302bb592-7d42-11eb-8fb5-0242ac1c0002,6
302bb614-7d42-11eb-8fb5-0242ac1c0002,4
302bf7b4-7d42-11eb-8fb5-0242ac1c0002,4
302c60f0-7d42-11eb-8fb5-0242ac1c0002,5
302c617c-7d42-11eb-8fb5-0242ac1c0002,4
302c76b2-7d42-11eb-8fb5-0242ac1c0002,4
302ca5ec-7d42-11eb-8fb5-0242ac1c0002,4
302ca664-7d42-11eb-8fb5-0242ac1c0002,5
302ca70e-7d42-11eb-8fb5-0242ac1c0002,4
302cbb4a-7d42-11eb-8fb5-0242ac1c0002,5
302d0ad2-7d42-11eb-8fb5-0242ac1c0002,4
302d134c-7d42-11eb-8fb5-0242ac1c0002,4
302d385e-7d42-11eb-8fb5-0242ac1c0002,7
302d6f72-7d42-11eb-8fb5-0242ac1c0002,4
302d6ffe-7d42-11eb-8fb5-0242ac1c0002,4
302d7b2a-7d42-11eb-8fb5-0242ac1c0002,4
302db202-7d42-11eb-8fb5-0242ac1c0002,4
302dd1d8-7d42-11eb-8fb5-0242ac1c0002,7
302e0216-7d42-11eb-8fb5-0242ac1c0002,5
302e0c34-7d42-11eb-8fb5-0242ac1c0002,6
302e0d2e-7d42-11eb-8fb5-0242ac1c0002,4
302e2584-7d42-11eb-8fb5-0242ac1c0002,4
302eab44-7d42-11eb-8fb5-0242ac1c0002,5
302f1548-7d42-11eb-8fb5-0242ac1c0002,5
302f4248-7d42-11eb-8fb5-0242ac1c0002,5
302f4450-7d42-11eb-8fb5-0242ac1c0002,5
302f5eae-7d42-11eb-8fb5-0242ac1c0002,4
302f5fbc-7d42-11eb-8fb5-0242ac1c0002,6
302fb250-7d42-11eb-8fb5-0242ac1c0002,5
5a1f42b2-7ed0-11eb-b7d6-0242ac1c0002,4
5a1f4c58-7ed0-11eb-b7d6-0242ac1c0002,5
5a236734-7ed0-11eb-b7d6-0242ac1c0002,4
5a24566c-7ed0-11eb-b7d6-0242ac1c0002,5
5a25015c-7ed0-11eb-b7d6-0242ac1c0002,7
5a2511f6-7ed0-11eb-b7d6-0242ac1c0002,4
5a27d3e6-7ed0-11eb-b7d6-0242ac1c0002,4
5a29d632-7ed0-11eb-b7d6-0242ac1c0002,4
5a2a2bfa-7ed0-11eb-b7d6-0242ac1c0002,4
5a2e7282-7ed0-11eb-b7d6-0242ac1c0002,6
5a2ef57c-7ed0-11eb-b7d6-0242ac1c0002,4
5a336878-7ed0-11eb-b7d6-0242ac1c0002,4
5a354224-7ed0-11eb-b7d6-0242ac1c0002,5
5a354e72-7ed0-11eb-b7d6-0242ac1c0002,4
5a356d3a-7ed0-11eb-b7d6-0242ac1c0002,4
5a372ae4-7ed0-11eb-b7d6-0242ac1c0002,4
5a37d4ee-7ed0-11eb-b7d6-0242ac1c0002,4
5a38750c-7ed0-11eb-b7d6-0242ac1c0002,4
5a38cd72-7ed0-11eb-b7d6-0242ac1c0002,7
5a38ec44-7ed0-11eb-b7d6-0242ac1c0002,7
5a3a3a72-7ed0-11eb-b7d6-0242ac1c0002,4
5c853ade-7ed0-11eb-b7d6-0242ac1c0002,5
5c85b6bc-7ed0-11eb-b7d6-0242ac1c0002,5
5c89ae16-7ed0-11eb-b7d6-0242ac1c0002,4
5c89b03c-7ed0-11eb-b7d6-0242ac1c0002,4
5c8a4876-7ed0-11eb-b7d6-0242ac1c0002,4
5c8a830e-7ed0-11eb-b7d6-0242ac1c0002,4
5c8c0c7e-7ed0-11eb-b7d6-0242ac1c0002,4
5c911688-7ed0-11eb-b7d6-0242ac1c0002,5
5c937f2c-7ed0-11eb-b7d6-0242ac1c0002,4
5c93fdf8-7ed0-11eb-b7d6-0242ac1c0002,4
5c9648b0-7ed0-11eb-b7d6-0242ac1c0002,4
5c9679ac-7ed0-11eb-b7d6-0242ac1c0002,7
5c97de78-7ed0-11eb-b7d6-0242ac1c0002,4
5c9a06b2-7ed0-11eb-b7d6-0242ac1c0002,4
5c9a2e94-7ed0-11eb-b7d6-0242ac1c0002,6
5c9a437a-7ed0-11eb-b7d6-0242ac1c0002,6
5c9b6b42-7ed0-11eb-b7d6-0242ac1c0002,6
5c9be81a-7ed0-11eb-b7d6-0242ac1c0002,4
5c9ccfd2-7ed0-11eb-b7d6-0242ac1c0002,5
8cbdec9a-21bc-11ea-a13a-137349068a90,4
8e13616a-21bc-11ea-a13a-137349068a90,5
8e26bbc0-21bc-11ea-a13a-137349068a90,4
8e403d02-21bc-11ea-a13a-137349068a90,4
8ed43804-21bc-11ea-a13a-137349068a90,4
8f00ce46-21bc-11ea-a13a-137349068a90,4
9046701c-21bc-11ea-a13a-137349068a90,4
90b59762-21bc-11ea-a13a-137349068a90,4
91bb638a-21bc-11ea-a13a-137349068a90,4
91c66154-21bc-11ea-a13a-137349068a90,5
91df2824-21bc-11ea-a13a-137349068a90,4
9204f0a4-21bc-11ea-a13a-137349068a90,5
92800c76-21bc-11ea-a13a-137349068a90,6
92df5488-21bc-11ea-a13a-137349068a90,7
9305d4dc-21bc-11ea-a13a-137349068a90,4
9333b488-21bc-11ea-a13a-137349068a90,4
93c13f4c-21bc-11ea-a13a-137349068a90,4
93c4ce8c-21bc-11ea-a13a-137349068a90,4
94058f94-21bc-11ea-a13a-137349068a90,4
940984fa-21bc-11ea-a13a-137349068a90,5
94494acc-21bc-11ea-a13a-137349068a90,4
94931eb8-21bc-11ea-a13a-137349068a90,4
94c9acc6-21bc-11ea-a13a-137349068a90,5
9503a7dc-21bc-11ea-a13a-137349068a90,7
950bb1ac-21bc-11ea-a13a-137349068a90,4
951d4200-21bc-11ea-a13a-137349068a90,4
95394946-21bc-11ea-a13a-137349068a90,5
958abad8-21bc-11ea-a13a-137349068a90,5
95a31c18-21bc-11ea-a13a-137349068a90,4
95c90e50-21bc-11ea-a13a-137349068a90,6
95d67b76-21bc-11ea-a13a-137349068a90,4
9603f47a-21bc-11ea-a13a-137349068a90,4
9610fbe8-21bc-11ea-a13a-137349068a90,6
961a46a8-21bc-11ea-a13a-137349068a90,6
961c6c12-21bc-11ea-a13a-137349068a90,7
962713c4-21bc-11ea-a13a-137349068a90,4
96363e08-21bc-11ea-a13a-137349068a90,7
96414d8e-21bc-11ea-a13a-137349068a90,4
96592c24-21bc-11ea-a13a-137349068a90,7
96661d6c-21bc-11ea-a13a-137349068a90,4
9672d6ba-21bc-11ea-a13a-137349068a90,4
96943148-21bc-11ea-a13a-137349068a90,6
96bc937c-21bc-11ea-a13a-137349068a90,5
96e01036-21bc-11ea-a13a-137349068a90,4
96e32afa-21bc-11ea-a13a-137349068a90,4
96e38072-21bc-11ea-a13a-137349068a90,4
96e9903e-21bc-11ea-a13a-137349068a90,6
96f6a8a0-21bc-11ea-a13a-137349068a90,5
97036e5a-21bc-11ea-a13a-137349068a90,4
970e2b88-21bc-11ea-a13a-137349068a90,5
971807b6-21bc-11ea-a13a-137349068a90,4
972dbdcc-21bc-11ea-a13a-137349068a90,6
9738e6b6-21bc-11ea-a13a-137349068a90,5
9754a130-21bc-11ea-a13a-137349068a90,5
975a5832-21bc-11ea-a13a-137349068a90,4
975e0f36-21bc-11ea-a13a-137349068a90,5
977200b8-21bc-11ea-a13a-137349068a90,5
97734d92-21bc-11ea-a13a-137349068a90,4
97856946-21bc-11ea-a13a-137349068a90,4
97a1a76e-21bc-11ea-a13a-137349068a90,5
97a6eada-21bc-11ea-a13a-137349068a90,4
97aeb0c6-21bc-11ea-a13a-137349068a90,4
97c62922-21bc-11ea-a13a-137349068a90,4
97dc468a-21bc-11ea-a13a-137349068a90,6
97e224f6-21bc-11ea-a13a-137349068a90,4
97eeeeac-21bc-11ea-a13a-137349068a90,8
97fa53d2-21bc-11ea-a13a-137349068a90,6
97fe499c-21bc-11ea-a13a-137349068a90,5
980276ac-21bc-11ea-a13a-137349068a90,4
981179c2-21bc-11ea-a13a-137349068a90,4
9832e954-21bc-11ea-a13a-137349068a90,4
98412b0e-21bc-11ea-a13a-137349068a90,5
9842b528-21bc-11ea-a13a-137349068a90,5
98451b06-21bc-11ea-a13a-137349068a90,4
9846cb7c-21bc-11ea-a13a-137349068a90,6
984ec30e-21bc-11ea-a13a-137349068a90,5
986bcd00-21bc-11ea-a13a-137349068a90,8
987a7e7c-21bc-11ea-a13a-137349068a90,4
987d069c-21bc-11ea-a13a-137349068a90,6
98967a82-21bc-11ea-a13a-137349068a90,5
9897cfb8-21bc-11ea-a13a-137349068a90,4
98a3c214-21bc-11ea-a13a-137349068a90,6
98abd8e6-21bc-11ea-a13a-137349068a90,5
98aee25c-21bc-11ea-a13a-137349068a90,4
98b669f0-21bc-11ea-a13a-137349068a90,4
98bb2080-21bc-11ea-a13a-137349068a90,5
98bcca34-21bc-11ea-a13a-137349068a90,5
98c25832-21bc-11ea-a13a-137349068a90,4
98c7d244-21bc-11ea-a13a-137349068a90,4
98ccfdc8-21bc-11ea-a13a-137349068a90,4
98dc88ba-21bc-11ea-a13a-137349068a90,4
98dd86d4-21bc-11ea-a13a-137349068a90,6
99007fae-21bc-11ea-a13a-137349068a90,5
990f8120-21bc-11ea-a13a-137349068a90,4
99104920-21bc-11ea-a13a-137349068a90,5
9910b6da-21bc-11ea-a13a-137349068a90,4
9925c372-21bc-11ea-a13a-137349068a90,8
9932df3a-21bc-11ea-a13a-137349068a90,8
99556aa0-21bc-11ea-a13a-137349068a90,5
99577458-21bc-11ea-a13a-137349068a90,4
99592c3a-21bc-11ea-a13a-137349068a90,5
